lens1_z,clear1,detector_z,capture_fraction_pct,zrd_ray_results,requested_analysis_rays,zrd_to_requested_ratio,captured_ray_count,wavelength_channel_count,zrd_primary_record_audit,coverage,fixed_cv,active_cv,centroid_error,mean,peak,trace_seed_supported
8.0,8.0,60.0,45.532,100000,50000,2.0,45532,1,"unique (wave_index, ray_number) keys counted during read",7.99,390.5371149544412,64.78210612846848,0.042949239610701954,0.028943022837703627,0.9322114306784347,True
8.0,14.0,60.0,65.967,100000,50000,2.0,65967,1,"unique (wave_index, ray_number) keys counted during read",6.59,432.5000070843146,56.897323089273655,0.01792620829969458,0.03954224542656235,1.2117695222754221,True
8.0,20.0,60.0,72.901,100000,50000,2.0,72901,1,"unique (wave_index, ray_number) keys counted during read",6.02,457.75822694022634,63.20134871924322,0.03255840897626942,0.023715318739223654,0.9322114306784345,True
16.5,8.0,60.0,17.775,100000,50000,2.0,17775,1,"unique (wave_index, ray_number) keys counted during read",5.67,469.5345805379288,100.1189717539435,0.027392814857349013,0.024875610267318576,1.2443290313186968,True
16.5,14.0,60.0,36.277,100000,50000,2.0,36277,1,"unique (wave_index, ray_number) keys counted during read",1.05,896.0782642839621,79.841191137566,0.010889470442790072,0.03652864907413188,6.557514690410322,True
16.5,20.0,60.0,48.412,100000,50000,2.0,48412,1,"unique (wave_index, ray_number) keys counted during read",4.84,496.96522065948335,54.364857773017455,0.015810051747732187,0.0329879476367659,1.2443290313186968,True
25.0,8.0,60.0,8.936,100000,50000,2.0,8936,1,"unique (wave_index, ray_number) keys counted during read",2.64,620.1327315879325,92.29494544153096,0.005716076485098626,0.018531254470767346,1.7204819822879165,True
25.0,14.0,60.0,21.108,100000,50000,2.0,21108,1,"unique (wave_index, ray_number) keys counted during read",0.97,1014.8258750151923,45.76268607344081,0.019829827694016956,0.020554172731200332,2.8354645610976337,True
25.0,20.0,60.0,31.809,100000,50000,2.0,31809,1,"unique (wave_index, ray_number) keys counted during read",2.75,647.1991460624345,44.03423230162677,0.021372207121772957,0.030645392444670266,1.8733716118984356,True
