gap_um,loss_at_480_dB,rel_smaller_um,rel_larger_um,abs_smaller_um,abs_larger_um
20.0,0.00035604062552963326,104.12372563181486,193.20021351695902,104.10724454295524,193.14705169059343
50.0,0.0009140494601923791,107.41375607193014,181.67441899498752,107.37227911465553,181.54287895668014
100.0,0.010951420941893098,112.67767576210653,163.97992613998392,112.19859040832927,162.50361521114476
200.0,0.06478445432565282,121.82696475038159,134.61251930772048,119.21081720354532,127.00936610806819
300.0,0.16211324158514157,128.45818917240902,112.69759939960643,122.39819391684382,96.12313238409796
400.0,0.30007466074513955,132.35983189250504,96.74113260480839,121.82144111904552,69.72116391373469
500.0,0.4748584232842461,133.84567568717762,85.18815565560978,117.81749087910909,46.858881713789586
600.0,0.6820274294959252,133.46190995135586,76.79323536258863,110.69926569661283,26.321908047668398
700.0,0.9168412701439295,131.76806054896153,70.65362664975738,100.37071620068328,6.669552293506425
850.0,1.3105407483146003,127.76719076328563,64.34648882859051,nan,nan
1000.0,1.7407668150351352,122.96143638508725,60.35501271280101,nan,nan
