gap_um \ radius_um,300.0,325.0,350.0,375.0,400.0,425.0,450.0,475.0,500.0,525.0,550.0,575.0,600.0,625.0,650.0,675.0,700.0,725.0,750.0,775.0,800.0
20.0,3.421152,2.453225,1.650751,1.019392,0.556285,0.247144,0.071262,0.003277,0.017785,0.092117,0.207632,0.349870,0.508088,0.674565,0.843897,1.012401,1.177651,1.338080,1.492748,1.641148,1.783065
50.0,3.338837,2.369431,1.570690,0.948518,0.499311,0.207300,0.049955,0.000302,0.031813,0.121219,0.249687,0.402827,0.570099,0.744035,0.919486,1.093000,1.262350,1.426138,1.583559,1.734220,1.877996
100.0,3.223620,2.248430,1.452895,0.843592,0.415784,0.151163,0.024004,0.004503,0.064160,0.178645,0.328774,0.500247,0.682847,0.869507,1.055486,1.237706,1.414262,1.584023,1.746412,1.901213,2.048450
200.0,3.083376,2.083565,1.281903,0.687677,0.294577,0.079104,0.008605,0.047023,0.161483,0.325274,0.518355,0.726509,0.940077,1.152734,1.360495,1.560977,1.752878,1.935575,2.108910,2.273013,2.428188
300.0,3.072387,2.031073,1.205538,0.610161,0.238686,0.062724,0.042134,0.133790,0.299783,0.510607,0.745107,0.988987,1.233023,1.471535,1.701214,1.920303,2.128050,2.324296,2.509268,2.683415,2.847301
400.0,3.191634,2.095091,1.228933,0.615372,0.250684,0.102656,0.123476,0.262206,0.475210,0.729696,1.003094,1.280826,1.553968,1.817373,2.068324,2.305623,2.529012,2.738753,2.935422,3.119757,3.292563
500.0,3.430862,2.270643,1.350539,0.703047,0.330034,0.197379,0.250002,0.428644,0.683274,0.977303,1.286405,1.595496,1.895795,2.182577,2.453625,2.708230,2.946574,3.169291,3.377275,3.571526,3.753065
600.0,3.771324,2.544862,1.562451,0.868376,0.473164,0.343409,0.417850,0.628762,0.919178,1.248221,1.589459,1.927068,2.252246,2.560566,2.850223,3.120927,3.373243,3.608137,3.826782,4.030413,4.220246
700.0,4.190136,2.899882,1.852021,1.102839,0.673979,0.535702,0.622283,0.857833,1.178109,1.537525,1.907211,2.270369,2.618012,2.945894,3.252532,3.537983,3.803144,4.049268,4.277775,4.490109,4.687661
850.0,4.915851,3.541393,2.398738,1.560068,1.066023,0.897464,0.986076,1.245239,1.599714,1.996290,2.401920,2.797950,3.174823,3.528355,3.857385,4.162373,4.444613,4.705720,4.947425,5.171440,5.379375
1000.0,5.702333,4.260965,3.035243,2.108853,1.541057,1.327579,1.402624,1.671630,2.048988,2.473599,2.907791,3.330664,3.731800,4.106850,4.454804,4.776394,5.073213,5.347155,5.600203,5.834281,6.051186
