gap_um,popd0_eta_total,popd1_S_system,popd2_T_receiver,loss_dB,predicted_loss_dB
0,1,1,1,9.16111093e-15,-0
0.5,0.999975729,1,0.999975729,0.000105407273,0.000105407273
1,0.999902925,1,0.999902925,0.000421613742,0.000421613743
1.5,0.999781607,1,0.999781607,0.000948573369,0.000948573369
2,0.999611811,1,0.999611811,0.00168620944,0.00168620944
2.5,0.999393588,1,0.999393588,0.00263441463,0.00263441463
3,0.999126999,1,0.999126999,0.003793051,0.003793051
3.5,0.998812123,1,0.998812123,0.00516195013,0.00516195013
4,0.998449051,1,0.998449051,0.00674091316,0.00674091316
4.5,0.998037889,1,0.998037889,0.00852971089,0.00852971089
5,0.997578755,1,0.997578755,0.0105280839,0.0105280839
5.5,0.997071782,1,0.997071782,0.0127357427,0.0127357427
6,0.996517118,1,0.996517118,0.0151523677,0.0151523677
6.5,0.995914921,1,0.995914921,0.0177776098,0.0177776098
7,0.995265365,1,0.995265365,0.0206110899,0.0206110899
7.5,0.994568637,1,0.994568637,0.0236523997,0.0236523997
8,0.993824937,1,0.993824937,0.0269011015,0.0269011015
8.5,0.993034477,1,0.993034477,0.0303567287,0.0303567287
9,0.992197484,1,0.992197484,0.0340187858,0.0340187858
9.5,0.991314195,1,0.991314195,0.0378867485,0.0378867485
10,0.990384862,1,0.990384862,0.0419600645,0.0419600645
10.5,0.989409748,1,0.989409748,0.0462381531,0.0462381531
11,0.988389127,1,0.988389127,0.050720406,0.050720406
11.5,0.987323289,1,0.987323289,0.0554061872,0.0554061872
12,0.986212531,1,0.986212531,0.0602948337,0.0602948337
12.5,0.985057165,1,0.985057165,0.0653856553,0.0653856553
13,0.983857513,1,0.983857513,0.0706779354,0.0706779354
13.5,0.982613908,1,0.982613908,0.0761709309,0.0761709309
14,0.981326694,1,0.981326694,0.081863873,0.081863873
14.5,0.979996226,1,0.979996226,0.0877559671,0.0877559671
15,0.97862287,1,0.97862287,0.0938463936,0.0938463936
15.5,0.977207,1,0.977207,0.100134308,0.100134308
16,0.975749002,1,0.975749002,0.106618841,0.106618841
16.5,0.974249272,1,0.974249272,0.113299099,0.113299099
17,0.972708214,1,0.972708214,0.120174166,0.120174166
17.5,0.971126242,1,0.971126242,0.127243102,0.127243102
18,0.969503778,1,0.969503778,0.134504943,0.134504943
18.5,0.967841253,1,0.967841253,0.141958704,0.141958704
19,0.966139108,1,0.966139108,0.149603378,0.149603378
19.5,0.96439779,1,0.96439779,0.157437935,0.157437935
20,0.962617754,1,0.962617754,0.165461325,0.165461325
20.5,0.960799464,1,0.960799464,0.173672478,0.173672478
21,0.95894339,1,0.95894339,0.182070301,0.182070301
21.5,0.957050009,1,0.957050009,0.190653684,0.190653684
22,0.955119805,1,0.955119805,0.199421497,0.199421497
22.5,0.953153267,1,0.953153267,0.20837259,0.20837259
23,0.951150894,1,0.951150894,0.217505796,0.217505796
23.5,0.949113186,1,0.949113186,0.226819929,0.226819929
24,0.947040652,1,0.947040652,0.236313785,0.236313785
24.5,0.944933803,1,0.944933803,0.245986146,0.245986146
25,0.942793159,1,0.942793159,0.255835775,0.255835775
25.5,0.940619241,1,0.940619241,0.265861419,0.265861419
26,0.938412576,1,0.938412576,0.276061809,0.276061809
26.5,0.936173694,1,0.936173694,0.286435664,0.286435664
27,0.933903131,1,0.933903131,0.296981686,0.296981686
27.5,0.931601424,1,0.931601424,0.307698562,0.307698562
28,0.929269115,1,0.929269115,0.318584969,0.318584969
28.5,0.926906747,1,0.926906747,0.329639566,0.329639566
29,0.924514867,1,0.924514867,0.340861005,0.340861005
29.5,0.922094025,1,0.922094025,0.352247922,0.352247922
30,0.919644771,1,0.919644771,0.363798942,0.363798942
30.5,0.917167658,1,0.917167658,0.37551268,0.37551268
31,0.914663242,1,0.914663242,0.387387739,0.387387739
31.5,0.912132076,1,0.912132076,0.399422715,0.399422715
32,0.909574719,1,0.909574719,0.411616189,0.411616189
32.5,0.906991728,1,0.906991728,0.423966738,0.423966738
33,0.90438366,1,0.90438366,0.436472928,0.436472928
33.5,0.901751074,1,0.901751074,0.449133316,0.449133316
34,0.899094528,1,0.899094528,0.461946453,0.461946453
34.5,0.89641458,1,0.89641458,0.474910882,0.474910882
35,0.893711788,1,0.893711788,0.488025139,0.488025139
35.5,0.890986707,1,0.890986707,0.501287753,0.501287753
36,0.888239894,1,0.888239894,0.514697249,0.514697249
36.5,0.885471904,1,0.885471904,0.528252146,0.528252146
37,0.882683289,1,0.882683289,0.541950956,0.541950956
37.5,0.879874601,1,0.879874601,0.555792189,0.555792189
38,0.87704639,1,0.87704639,0.569774349,0.569774349
38.5,0.874199203,1,0.874199203,0.583895939,0.583895939
39,0.871333586,1,0.871333586,0.598155454,0.598155454
39.5,0.868450083,1,0.868450083,0.612551392,0.612551392
40,0.865549232,1,0.865549232,0.627082244,0.627082244
40.5,0.862631573,1,0.862631573,0.641746502,0.641746502
41,0.85969764,1,0.85969764,0.656542654,0.656542654
41.5,0.856747964,1,0.856747964,0.671469188,0.671469188
42,0.853783074,1,0.853783074,0.686524592,0.686524592
42.5,0.850803494,1,0.850803494,0.701707353,0.701707353
43,0.847809745,1,0.847809745,0.717015956,0.717015956
43.5,0.844802346,1,0.844802346,0.732448889,0.732448889
44,0.841781808,1,0.841781808,0.74800464,0.74800464
44.5,0.838748642,1,0.838748642,0.763681698,0.763681698
45,0.835703353,1,0.835703353,0.779478553,0.779478553
45.5,0.832646441,1,0.832646441,0.795393697,0.795393697
46,0.829578404,1,0.829578404,0.811425624,0.811425624
46.5,0.826499732,1,0.826499732,0.82757283,0.82757283
47,0.823410913,1,0.823410913,0.843833816,0.843833816
47.5,0.820312429,1,0.820312429,0.860207083,0.860207083
48,0.817204757,1,0.817204757,0.876691138,0.876691138
48.5,0.814088371,1,0.814088371,0.893284489,0.893284489
49,0.810963737,1,0.810963737,0.909985651,0.909985651
49.5,0.807831318,1,0.807831318,0.926793141,0.926793141
50,0.80469157,1,0.80469157,0.943705482,0.943705482
50.5,0.801544946,1,0.801544946,0.960721201,0.960721201
51,0.798391891,1,0.798391891,0.977838829,0.977838829
51.5,0.795232845,1,0.795232845,0.995056906,0.995056906
52,0.792068246,1,0.792068246,1.01237397,1.01237397
52.5,0.788898521,1,0.788898521,1.02978858,1.02978858
53,0.785724095,1,0.785724095,1.04729929,1.04729929
53.5,0.782545386,1,0.782545386,1.06490465,1.06490465
54,0.779362807,1,0.779362807,1.08260324,1.08260324
54.5,0.776176764,1,0.776176764,1.10039363,1.10039363
55,0.772987659,1,0.772987659,1.1182744,1.1182744
55.5,0.769795886,1,0.769795886,1.13624414,1.13624414
56,0.766601835,1,0.766601835,1.15430145,1.15430145
56.5,0.763405889,1,0.763405889,1.17244494,1.17244494
57,0.760208426,1,0.760208426,1.19067321,1.19067321
57.5,0.757009817,1,0.757009817,1.20898489,1.20898489
58,0.753810427,1,0.753810427,1.2273786,1.2273786
58.5,0.750610616,1,0.750610616,1.24585298,1.24585298
59,0.747410738,1,0.747410738,1.26440667,1.26440667
59.5,0.74421114,1,0.74421114,1.28303833,1.28303833
60,0.741012164,1,0.741012164,1.30174663,1.30174663
60.5,0.737814147,1,0.737814147,1.32053022,1.32053022
61,0.734617416,1,0.734617416,1.3393878,1.3393878
61.5,0.731422297,1,0.731422297,1.35831804,1.35831804
62,0.728229107,1,0.728229107,1.37731966,1.37731966
62.5,0.725038159,1,0.725038159,1.39639136,1.39639136
63,0.721849758,1,0.721849758,1.41553185,1.41553185
63.5,0.718664205,1,0.718664205,1.43473986,1.43473986
64,0.715481793,1,0.715481793,1.45401413,1.45401413
64.5,0.712302813,1,0.712302813,1.47335341,1.47335341
65,0.709127545,1,0.709127545,1.49275645,1.49275645
65.5,0.705956268,1,0.705956268,1.51222202,1.51222202
66,0.702789252,1,0.702789252,1.53174889,1.53174889
66.5,0.699626764,1,0.699626764,1.55133585,1.55133585
67,0.696469063,1,0.696469063,1.5709817,1.5709817
67.5,0.693316403,1,0.693316403,1.59068525,1.59068525
68,0.690169033,1,0.690169033,1.61044531,1.61044531
68.5,0.687027197,1,0.687027197,1.63026071,1.63026071
69,0.683891131,1,0.683891131,1.65013028,1.65013028
69.5,0.680761069,1,0.680761069,1.67005289,1.67005289
70,0.677637236,1,0.677637236,1.69002737,1.69002737
70.5,0.674519855,1,0.674519855,1.71005262,1.71005262
71,0.671409142,1,0.671409142,1.73012749,1.73012749
71.5,0.668305308,1,0.668305308,1.7502509,1.7502509
72,0.665208558,1,0.665208558,1.77042172,1.77042172
72.5,0.662119092,1,0.662119092,1.79063889,1.79063889
73,0.659037108,1,0.659037108,1.81090131,1.81090131
73.5,0.655962793,1,0.655962793,1.83120793,1.83120793
74,0.652896336,1,0.652896336,1.85155769,1.85155769
74.5,0.649837915,1,0.649837915,1.87194953,1.87194953
75,0.646787706,1,0.646787706,1.89238244,1.89238244
75.5,0.643745881,1,0.643745881,1.91285537,1.91285537
76,0.640712605,1,0.640712605,1.93336732,1.93336732
76.5,0.63768804,1,0.63768804,1.95391728,1.95391728
77,0.634672343,1,0.634672343,1.97450427,1.97450427
77.5,0.631665665,1,0.631665665,1.99512729,1.99512729
78,0.628668155,1,0.628668155,2.01578538,2.01578538
78.5,0.625679956,1,0.625679956,2.03647758,2.03647758
79,0.622701206,1,0.622701206,2.05720293,2.05720293
79.5,0.61973204,1,0.61973204,2.0779605,2.0779605
80,0.616772588,1,0.616772588,2.09874936,2.09874936
80.5,0.613822977,1,0.613822977,2.11956859,2.11956859
81,0.610883328,1,0.610883328,2.14041727,2.14041727
81.5,0.607953759,1,0.607953759,2.16129452,2.16129452
82,0.605034384,1,0.605034384,2.18219944,2.18219944
82.5,0.602125313,1,0.602125313,2.20313115,2.20313115
83,0.599226651,1,0.599226651,2.22408879,2.22408879
83.5,0.596338501,1,0.596338501,2.2450715,2.2450715
84,0.593460961,1,0.593460961,2.26607844,2.26607844
84.5,0.590594126,1,0.590594126,2.28710877,2.28710877
85,0.587738087,1,0.587738087,2.30816165,2.30816165
85.5,0.584892931,1,0.584892931,2.32923628,2.32923628
86,0.582058741,1,0.582058741,2.35033184,2.35033184
86.5,0.5792356,1,0.5792356,2.37144754,2.37144754
87,0.576423582,1,0.576423582,2.3925826,2.3925826
87.5,0.573622763,1,0.573622763,2.41373623,2.41373623
88,0.570833212,1,0.570833212,2.43490767,2.43490767
88.5,0.568054997,1,0.568054997,2.45609615,2.45609615
89,0.565288182,1,0.565288182,2.47730094,2.47730094
89.5,0.562532827,1,0.562532827,2.49852129,2.49852129
90,0.559788991,1,0.559788991,2.51975647,2.51975647
90.5,0.557056728,1,0.557056728,2.54100576,2.54100576
91,0.55433609,1,0.55433609,2.56226846,2.56226846
91.5,0.551627126,1,0.551627126,2.58354386,2.58354386
92,0.548929883,1,0.548929883,2.60483126,2.60483126
92.5,0.546244404,1,0.546244404,2.62612999,2.62612999
93,0.54357073,1,0.54357073,2.64743937,2.64743937
93.5,0.540908898,1,0.540908898,2.66875874,2.66875874
94,0.538258945,1,0.538258945,2.69008744,2.69008744
94.5,0.535620903,1,0.535620903,2.71142482,2.71142482
95,0.532994803,1,0.532994803,2.73277025,2.73277025
95.5,0.530380673,1,0.530380673,2.7541231,2.7541231
96,0.527778539,1,0.527778539,2.77548273,2.77548273
96.5,0.525188423,1,0.525188423,2.79684855,2.79684855
97,0.522610348,1,0.522610348,2.81821995,2.81821995
97.5,0.520044331,1,0.520044331,2.83959634,2.83959634
98,0.517490389,1,0.517490389,2.86097711,2.86097711
98.5,0.514948538,1,0.514948538,2.88236171,2.88236171
99,0.512418788,1,0.512418788,2.90374955,2.90374955
99.5,0.509901152,1,0.509901152,2.92514007,2.92514007
100,0.507395636,1,0.507395636,2.94653273,2.94653273
100.5,0.504902247,1,0.504902247,2.96792696,2.96792696
101,0.502420991,1,0.502420991,2.98932224,2.98932224
101.5,0.499951869,1,0.499951869,3.01071804,3.01071804
102,0.497494882,1,0.497494882,3.03211382,3.03211382
102.5,0.495050031,1,0.495050031,3.05350908,3.05350908
103,0.492617311,1,0.492617311,3.07490331,3.07490331
103.5,0.490196718,1,0.490196718,3.09629601,3.09629601
104,0.487788248,1,0.487788248,3.11768668,3.11768668
104.5,0.485391891,1,0.485391891,3.13907483,3.13907483
105,0.483007639,1,0.483007639,3.16046,3.16046
105.5,0.480635482,1,0.480635482,3.18184171,3.18184171
106,0.478275407,1,0.478275407,3.2032195,3.2032195
106.5,0.475927401,1,0.475927401,3.2245929,3.2245929
107,0.473591449,1,0.473591449,3.24596148,3.24596148
107.5,0.471267534,1,0.471267534,3.26732478,3.26732478
108,0.468955639,1,0.468955639,3.28868237,3.28868237
108.5,0.466655745,1,0.466655745,3.31003383,3.31003383
109,0.464367832,1,0.464367832,3.33137873,3.33137873
109.5,0.462091878,1,0.462091878,3.35271665,3.35271665
110,0.459827861,1,0.459827861,3.37404718,3.37404718
110.5,0.457575757,1,0.457575757,3.39536993,3.39536993
111,0.455335542,1,0.455335542,3.41668449,3.41668449
111.5,0.453107189,1,0.453107189,3.43799048,3.43799048
112,0.450890671,1,0.450890671,3.45928751,3.45928751
112.5,0.44868596,1,0.44868596,3.4805752,3.4805752
113,0.446493027,1,0.446493027,3.50185319,3.50185319
113.5,0.444311843,1,0.444311843,3.5231211,3.5231211
114,0.442142377,1,0.442142377,3.54437858,3.54437858
114.5,0.439984596,1,0.439984596,3.56562528,3.56562528
115,0.437838468,1,0.437838468,3.58686084,3.58686084
115.5,0.435703959,1,0.435703959,3.60808493,3.60808493
116,0.433581036,1,0.433581036,3.62929721,3.62929721
116.5,0.431469663,1,0.431469663,3.65049735,3.65049735
117,0.429369804,1,0.429369804,3.67168502,3.67168502
117.5,0.427281422,1,0.427281422,3.6928599,3.6928599
118,0.42520448,1,0.42520448,3.71402168,3.71402168
118.5,0.423138941,1,0.423138941,3.73517005,3.73517005
119,0.421084765,1,0.421084765,3.75630472,3.75630472
119.5,0.419041913,1,0.419041913,3.77742537,3.77742537
120,0.417010345,1,0.417010345,3.79853171,3.79853171
120.5,0.41499002,1,0.41499002,3.81962347,3.81962347
121,0.412980899,1,0.412980899,3.84070035,3.84070035
121.5,0.410982937,1,0.410982937,3.86176208,3.86176208
122,0.408996095,1,0.408996095,3.88280839,3.88280839
122.5,0.407020328,1,0.407020328,3.903839,3.903839
123,0.405055594,1,0.405055594,3.92485365,3.92485365
123.5,0.403101849,1,0.403101849,3.9458521,3.9458521
124,0.401159049,1,0.401159049,3.96683407,3.96683407
124.5,0.399227149,1,0.399227149,3.98779932,3.98779932
125,0.397306105,1,0.397306105,4.00874762,4.00874762
125.5,0.395395871,1,0.395395871,4.02967871,4.02967871
126,0.393496401,1,0.393496401,4.05059236,4.05059236
126.5,0.391607649,1,0.391607649,4.07148834,4.07148834
127,0.38972957,1,0.38972957,4.09236642,4.09236642
127.5,0.387862115,1,0.387862115,4.11322639,4.11322639
128,0.386005239,1,0.386005239,4.13406801,4.13406801
128.5,0.384158893,1,0.384158893,4.15489109,4.15489109
129,0.382323031,1,0.382323031,4.1756954,4.1756954
129.5,0.380497604,1,0.380497604,4.19648074,4.19648074
130,0.378682564,1,0.378682564,4.21724691,4.21724691
130.5,0.376877863,1,0.376877863,4.23799371,4.23799371
131,0.375083453,1,0.375083453,4.25872095,4.25872095
131.5,0.373299284,1,0.373299284,4.27942843,4.27942843
132,0.371525308,1,0.371525308,4.30011597,4.30011597
132.5,0.369761476,1,0.369761476,4.32078338,4.32078338
133,0.368007738,1,0.368007738,4.34143049,4.34143049
133.5,0.366264045,1,0.366264045,4.36205712,4.36205712
134,0.364530348,1,0.364530348,4.3826631,4.3826631
134.5,0.362806596,1,0.362806596,4.40324825,4.40324825
135,0.361092741,1,0.361092741,4.42381242,4.42381242
135.5,0.359388731,1,0.359388731,4.44435544,4.44435544
136,0.357694518,1,0.357694518,4.46487716,4.46487716
136.5,0.356010051,1,0.356010051,4.48537741,4.48537741
137,0.354335279,1,0.354335279,4.50585605,4.50585605
137.5,0.352670154,1,0.352670154,4.52631293,4.52631293
138,0.351014624,1,0.351014624,4.5467479,4.5467479
138.5,0.349368639,1,0.349368639,4.56716082,4.56716082
139,0.347732149,1,0.347732149,4.58755155,4.58755155
139.5,0.346105104,1,0.346105104,4.60791996,4.60791996
140,0.344487454,1,0.344487454,4.62826591,4.62826591
140.5,0.342879147,1,0.342879147,4.64858927,4.64858927
141,0.341280134,1,0.341280134,4.66888992,4.66888992
141.5,0.339690364,1,0.339690364,4.68916773,4.68916773
142,0.338109787,1,0.338109787,4.70942257,4.70942257
142.5,0.336538353,1,0.336538353,4.72965434,4.72965434
143,0.334976012,1,0.334976012,4.74986292,4.74986292
143.5,0.333422713,1,0.333422713,4.77004819,4.77004819
144,0.331878407,1,0.331878407,4.79021004,4.79021004
144.5,0.330343042,1,0.330343042,4.81034836,4.81034836
145,0.32881657,1,0.32881657,4.83046306,4.83046306
145.5,0.327298939,1,0.327298939,4.85055402,4.85055402
146,0.325790101,1,0.325790101,4.87062115,4.87062115
146.5,0.324290006,1,0.324290006,4.89066435,4.89066435
147,0.322798604,1,0.322798604,4.91068352,4.91068352
147.5,0.321315845,1,0.321315845,4.93067858,4.93067858
148,0.319841679,1,0.319841679,4.95064943,4.95064943
148.5,0.318376058,1,0.318376058,4.97059599,4.97059599
149,0.316918932,1,0.316918932,4.99051816,4.99051816
149.5,0.315470252,1,0.315470252,5.01041587,5.01041587
150,0.314029969,1,0.314029969,5.03028904,5.03028904
