x_decenter_um,popd0_eta_total,popd1_S_system,popd2_T_receiver,loss_dB
-6.0000,0.183667824,1.000000000,0.183667824,7.359669
-5.9000,0.194187905,1.000000000,0.194187905,7.117778
-5.8000,0.205118452,1.000000000,0.205118452,6.879953
-5.7000,0.216461541,1.000000000,0.216461541,6.646193
-5.6000,0.228218171,1.000000000,0.228218171,6.416498
-5.5000,0.240388207,1.000000000,0.240388207,6.190868
-5.4000,0.252970311,1.000000000,0.252970311,5.969304
-5.3000,0.265961891,1.000000000,0.265961891,5.751806
-5.2000,0.279359041,1.000000000,0.279359041,5.538373
-5.1000,0.293156488,1.000000000,0.293156488,5.329005
-5.0000,0.307347545,1.000000000,0.307347545,5.123703
-4.9000,0.321924070,1.000000000,0.321924070,4.922466
-4.8000,0.336876417,1.000000000,0.336876417,4.725294
-4.7000,0.352193415,1.000000000,0.352193415,4.532188
-4.6000,0.367862326,1.000000000,0.367862326,4.343147
-4.5000,0.383868836,1.000000000,0.383868836,4.158171
-4.4000,0.400197028,1.000000000,0.400197028,3.977261
-4.3000,0.416829380,1.000000000,0.416829380,3.800417
-4.2000,0.433746763,1.000000000,0.433746763,3.627638
-4.1000,0.450928445,1.000000000,0.450928445,3.458924
-4.0000,0.468352106,1.000000000,0.468352106,3.294275
-3.9000,0.485993861,1.000000000,0.485993861,3.133692
-3.8000,0.503828290,1.000000000,0.503828290,2.977175
-3.7000,0.521828479,1.000000000,0.521828479,2.824722
-3.6000,0.539966063,1.000000000,0.539966063,2.676335
-3.5000,0.558211287,1.000000000,0.558211287,2.532014
-3.4000,0.576533069,1.000000000,0.576533069,2.391758
-3.3000,0.594899074,1.000000000,0.594899074,2.255567
-3.2000,0.613275793,1.000000000,0.613275793,2.123442
-3.1000,0.631628640,1.000000000,0.631628640,1.995382
-3.0000,0.649922041,1.000000000,0.649922041,1.871387
-2.9000,0.668119547,1.000000000,0.668119547,1.751458
-2.8000,0.686183942,1.000000000,0.686183942,1.635594
-2.7000,0.704077367,1.000000000,0.704077367,1.523796
-2.6000,0.721761443,1.000000000,0.721761443,1.416063
-2.5000,0.739197403,1.000000000,0.739197403,1.312396
-2.4000,0.756346232,1.000000000,0.756346232,1.212794
-2.3000,0.773168805,1.000000000,0.773168805,1.117257
-2.2000,0.789626036,1.000000000,0.789626036,1.025785
-2.1000,0.805679024,1.000000000,0.805679024,0.938379
-2.0000,0.821289205,1.000000000,0.821289205,0.855039
-1.9000,0.836418505,1.000000000,0.836418505,0.775764
-1.8000,0.851029494,1.000000000,0.851029494,0.700554
-1.7000,0.865085536,1.000000000,0.865085536,0.629409
-1.6000,0.878550946,1.000000000,0.878550946,0.562330
-1.5000,0.891391137,1.000000000,0.891391137,0.499317
-1.4000,0.903572766,1.000000000,0.903572766,0.440369
-1.3000,0.915063884,1.000000000,0.915063884,0.385486
-1.2000,0.925834067,1.000000000,0.925834067,0.334668
-1.1000,0.935854559,1.000000000,0.935854559,0.287916
-1.0000,0.945098391,1.000000000,0.945098391,0.245230
-0.9000,0.953540510,1.000000000,0.953540510,0.206609
-0.8000,0.961157885,1.000000000,0.961157885,0.172053
-0.7000,0.967929616,1.000000000,0.967929616,0.141562
-0.6000,0.973837030,1.000000000,0.973837030,0.115137
-0.5000,0.978863762,1.000000000,0.978863762,0.092777
-0.4000,0.982995837,1.000000000,0.982995837,0.074483
-0.3000,0.986221728,1.000000000,0.986221728,0.060254
-0.2000,0.988532415,1.000000000,0.988532415,0.050091
-0.1000,0.989921425,1.000000000,0.989921425,0.043993
-0.0000,0.990384862,1.000000000,0.990384862,0.041960
0.1000,0.989921425,1.000000000,0.989921425,0.043993
0.2000,0.988532415,1.000000000,0.988532415,0.050091
0.3000,0.986221728,1.000000000,0.986221728,0.060254
0.4000,0.982995837,1.000000000,0.982995837,0.074483
0.5000,0.978863762,1.000000000,0.978863762,0.092777
0.6000,0.973837030,1.000000000,0.973837030,0.115137
0.7000,0.967929616,1.000000000,0.967929616,0.141562
0.8000,0.961157885,1.000000000,0.961157885,0.172053
0.9000,0.953540510,1.000000000,0.953540510,0.206609
1.0000,0.945098391,1.000000000,0.945098391,0.245230
1.1000,0.935854559,1.000000000,0.935854559,0.287916
1.2000,0.925834067,1.000000000,0.925834067,0.334668
1.3000,0.915063884,1.000000000,0.915063884,0.385486
1.4000,0.903572766,1.000000000,0.903572766,0.440369
1.5000,0.891391137,1.000000000,0.891391137,0.499317
1.6000,0.878550946,1.000000000,0.878550946,0.562330
1.7000,0.865085536,1.000000000,0.865085536,0.629409
1.8000,0.851029494,1.000000000,0.851029494,0.700554
1.9000,0.836418505,1.000000000,0.836418505,0.775764
2.0000,0.821289205,1.000000000,0.821289205,0.855039
2.1000,0.805679024,1.000000000,0.805679024,0.938379
2.2000,0.789626036,1.000000000,0.789626036,1.025785
2.3000,0.773168805,1.000000000,0.773168805,1.117257
2.4000,0.756346232,1.000000000,0.756346232,1.212794
2.5000,0.739197403,1.000000000,0.739197403,1.312396
2.6000,0.721761443,1.000000000,0.721761443,1.416063
2.7000,0.704077367,1.000000000,0.704077367,1.523796
2.8000,0.686183942,1.000000000,0.686183942,1.635594
2.9000,0.668119547,1.000000000,0.668119547,1.751458
3.0000,0.649922041,1.000000000,0.649922041,1.871387
3.1000,0.631628640,1.000000000,0.631628640,1.995382
3.2000,0.613275793,1.000000000,0.613275793,2.123442
3.3000,0.594899074,1.000000000,0.594899074,2.255567
3.4000,0.576533069,1.000000000,0.576533069,2.391758
3.5000,0.558211287,1.000000000,0.558211287,2.532014
3.6000,0.539966063,1.000000000,0.539966063,2.676335
3.7000,0.521828479,1.000000000,0.521828479,2.824722
3.8000,0.503828290,1.000000000,0.503828290,2.977175
3.9000,0.485993861,1.000000000,0.485993861,3.133692
4.0000,0.468352106,1.000000000,0.468352106,3.294275
4.1000,0.450928445,1.000000000,0.450928445,3.458924
4.2000,0.433746763,1.000000000,0.433746763,3.627638
4.3000,0.416829380,1.000000000,0.416829380,3.800417
4.4000,0.400197028,1.000000000,0.400197028,3.977261
4.5000,0.383868836,1.000000000,0.383868836,4.158171
4.6000,0.367862326,1.000000000,0.367862326,4.343147
4.7000,0.352193415,1.000000000,0.352193415,4.532188
4.8000,0.336876417,1.000000000,0.336876417,4.725294
4.9000,0.321924070,1.000000000,0.321924070,4.922466
5.0000,0.307347545,1.000000000,0.307347545,5.123703
5.1000,0.293156488,1.000000000,0.293156488,5.329005
5.2000,0.279359041,1.000000000,0.279359041,5.538373
5.3000,0.265961891,1.000000000,0.265961891,5.751806
5.4000,0.252970311,1.000000000,0.252970311,5.969304
5.5000,0.240388207,1.000000000,0.240388207,6.190868
5.6000,0.228218171,1.000000000,0.228218171,6.416498
5.7000,0.216461541,1.000000000,0.216461541,6.646193
5.8000,0.205118452,1.000000000,0.205118452,6.879953
5.9000,0.194187905,1.000000000,0.194187905,7.117778
6.0000,0.183667824,1.000000000,0.183667824,7.359669
