offset_um,popd0_eta_total,popd1_S_system,popd2_T_receiver,loss_dB,predicted_loss_dB
-24,0.00741381655,1,0.00741381655,21.2995816,21.2946135
-23.75,0.00796563099,1,0.00796563099,20.9877982,20.9828072
-23.5,0.00855208698,1,0.00855208698,20.6792789,20.6742659
-23.25,0.00917482122,1,0.00917482122,20.3740239,20.3689895
-23,0.00983550549,1,0.00983550549,20.0720331,20.0669782
-22.75,0.010535844,1,0.010535844,19.7733067,19.7682318
-22.5,0.0112775705,1,0.0112775705,19.4778445,19.4727504
-22.25,0.0120624447,1,0.0120624447,19.1856466,19.180534
-22,0.0128922492,1,0.0128922492,18.8967131,18.8915826
-21.75,0.0137687848,1,0.0137687848,18.6110439,18.6058962
-21.5,0.0146938667,1,0.0146938667,18.328639,18.3234748
-21.25,0.0156693198,1,0.0156693198,18.0494986,18.0443184
-21,0.0166969733,1,0.0166969733,17.7736225,17.7684269
-20.75,0.0177786558,1,0.0177786558,17.5010108,17.4958005
-20.5,0.0189161893,1,0.0189161893,17.2316635,17.226439
-20.25,0.020111383,1,0.020111383,16.9655806,16.9603425
-20,0.0213660272,1,0.0213660272,16.7027622,16.697511
-19.75,0.0226818865,1,0.0226818865,16.4432083,16.4379445
-19.5,0.0240606924,1,0.0240606924,16.1869188,16.181643
-19.25,0.0255041363,1,0.0255041363,15.9338938,15.9286064
-19,0.0270138616,1,0.0270138616,15.6841333,15.6788349
-18.75,0.0285914558,1,0.0285914558,15.4376373,15.4323283
-18.5,0.0302384423,1,0.0302384423,15.1944058,15.1890867
-18.25,0.0319562719,1,0.0319562719,14.9544389,14.9491102
-18,0.0337463142,1,0.0337463142,14.7177365,14.7123986
-17.75,0.0356098486,1,0.0356098486,14.4842987,14.4789519
-17.5,0.0375480555,1,0.0375480555,14.2541255,14.2487703
-17.25,0.0395620071,1,0.0395620071,14.0272168,14.0218537
-17,0.0416526582,1,0.0416526582,13.8035728,13.798202
-16.75,0.0438208368,1,0.0438208368,13.5831933,13.5778154
-16.5,0.0460672353,1,0.0460672353,13.3660785,13.3606937
-16.25,0.0483924007,1,0.0483924007,13.1522283,13.146837
-16,0.0507967261,1,0.0507967261,12.9416428,12.9362453
-15.75,0.053280441,1,0.053280441,12.7343219,12.7289186
-15.5,0.0558436032,1,0.0558436032,12.5302657,12.5248569
-15.25,0.0584860898,1,0.0584860898,12.3294741,12.3240602
-15,0.0612075888,1,0.0612075888,12.1319473,12.1265284
-14.75,0.0640075916,1,0.0640075916,11.9376851,11.9322616
-14.5,0.0668853849,1,0.0668853849,11.7466877,11.7412599
-14.25,0.0698400437,1,0.0698400437,11.558955,11.5535231
-14,0.0728704249,1,0.0728704249,11.374487,11.3690513
-13.75,0.0759751606,1,0.0759751606,11.1932837,11.1878445
-13.5,0.0791526531,1,0.0791526531,11.0153452,11.0099027
-13.25,0.0824010699,1,0.0824010699,10.8406715,10.8352258
-13,0.0857183392,1,0.0857183392,10.6692625,10.663814
-12.75,0.0891021467,1,0.0891021467,10.5011183,10.4956671
-12.5,0.0925499329,1,0.0925499329,10.3362389,10.3307852
-12.25,0.0960588912,1,0.0960588912,10.1746243,10.1691684
-12,0.0996259671,1,0.0996259671,10.0162745,10.0108165
-11.75,0.103247858,1,0.103247858,9.8611895,9.85572956
-11.5,0.106921014,1,0.106921014,9.70936933,9.70390763
-11.25,0.110641639,1,0.110641639,9.56081398,9.5553507
-11,0.114405697,1,0.114405697,9.41552347,9.41005875
-10.75,0.118208912,1,0.118208912,9.2734978,9.26803179
-10.5,0.122046773,1,0.122046773,9.13473699,9.12926982
-10.25,0.125914544,1,0.125914544,8.99924103,8.99377284
-10,0.129807267,1,0.129807267,8.86700995,8.86154084
-9.75,0.133719772,1,0.133719772,8.73804373,8.73257383
-9.5,0.137646686,1,0.137646686,8.6123424,8.60687181
-9.25,0.141582444,1,0.141582444,8.48990595,8.48443478
-9,0.145521298,1,0.145521298,8.3707344,8.36526273
-8.75,0.149457332,1,0.149457332,8.25482774,8.24935567
-8.5,0.153384474,1,0.153384474,8.142186,8.1367136
-8.25,0.157296509,1,0.157296509,8.03280916,8.02733652
-8,0.161187098,1,0.161187098,7.92669724,7.92122442
-7.75,0.16504979,1,0.16504979,7.82385025,7.81837731
-7.5,0.168878041,1,0.168878041,7.72426819,7.71879519
-7.25,0.172665231,1,0.172665231,7.62795106,7.62247806
-7,0.176404684,1,0.176404684,7.53489887,7.52942592
-6.75,0.180089685,1,0.180089685,7.44511162,7.43963876
-6.5,0.183713499,1,0.183713499,7.35858932,7.35311659
-6.25,0.187269393,1,0.187269393,7.27533198,7.2698594
-6,0.190750656,1,0.190750656,7.1953396,7.18986721
-5.75,0.19415062,1,0.19415062,7.11861217,7.11314
-5.5,0.19746268,1,0.19746268,7.04514972,7.03967778
-5.25,0.200680316,1,0.200680316,6.97495223,6.96948055
-5,0.203797113,1,0.203797113,6.90801972,6.9025483
-4.75,0.206806784,1,0.206806784,6.84435219,6.83888105
-4.5,0.209703189,1,0.209703189,6.78394964,6.77847878
-4.25,0.21248036,1,0.21248036,6.72681207,6.72134149
-4,0.215132513,1,0.215132513,6.6729395,6.6674692
-3.75,0.217654078,1,0.217654078,6.62233191,6.61686189
-3.5,0.220039713,1,0.220039713,6.57498931,6.56951957
-3.25,0.22228432,1,0.22228432,6.53091171,6.52544224
-3,0.224383072,1,0.224383072,6.49009911,6.48462989
-2.75,0.226331421,1,0.226331421,6.45255151,6.44708254
-2.5,0.228125119,1,0.228125119,6.41826891,6.41280017
-2.25,0.229760236,1,0.229760236,6.38725131,6.38178279
-2,0.231233167,1,0.231233167,6.35949872,6.35403039
-1.75,0.232540652,1,0.232540652,6.33501114,6.32954299
-1.5,0.233679785,1,0.233679785,6.31378857,6.30832057
-1.25,0.234648023,1,0.234648023,6.295831,6.29036313
-1,0.235443202,1,0.235443202,6.28113845,6.27567069
-0.75,0.236063537,1,0.236063537,6.2697109,6.26424323
-0.5,0.236507634,1,0.236507634,6.26154837,6.25608077
-0.25,0.236774493,1,0.236774493,6.25665085,6.25118328
0,0.236863513,1,0.236863513,6.25501835,6.24955079
0.25,0.236774493,1,0.236774493,6.25665085,6.25118328
0.5,0.236507634,1,0.236507634,6.26154837,6.25608077
0.75,0.236063537,1,0.236063537,6.2697109,6.26424323
1,0.235443202,1,0.235443202,6.28113845,6.27567069
1.25,0.234648023,1,0.234648023,6.295831,6.29036313
1.5,0.233679785,1,0.233679785,6.31378857,6.30832057
1.75,0.232540652,1,0.232540652,6.33501114,6.32954299
2,0.231233167,1,0.231233167,6.35949872,6.35403039
2.25,0.229760236,1,0.229760236,6.38725131,6.38178279
2.5,0.228125119,1,0.228125119,6.41826891,6.41280017
2.75,0.226331421,1,0.226331421,6.45255151,6.44708254
3,0.224383072,1,0.224383072,6.49009911,6.48462989
3.25,0.22228432,1,0.22228432,6.53091171,6.52544224
3.5,0.220039713,1,0.220039713,6.57498931,6.56951957
3.75,0.217654078,1,0.217654078,6.62233191,6.61686189
4,0.215132513,1,0.215132513,6.6729395,6.6674692
4.25,0.21248036,1,0.21248036,6.72681207,6.72134149
4.5,0.209703189,1,0.209703189,6.78394964,6.77847878
4.75,0.206806784,1,0.206806784,6.84435219,6.83888105
5,0.203797113,1,0.203797113,6.90801972,6.9025483
5.25,0.200680316,1,0.200680316,6.97495223,6.96948055
5.5,0.19746268,1,0.19746268,7.04514972,7.03967778
5.75,0.19415062,1,0.19415062,7.11861217,7.11314
6,0.190750656,1,0.190750656,7.1953396,7.18986721
6.25,0.187269393,1,0.187269393,7.27533198,7.2698594
6.5,0.183713499,1,0.183713499,7.35858932,7.35311659
6.75,0.180089685,1,0.180089685,7.44511162,7.43963876
7,0.176404684,1,0.176404684,7.53489887,7.52942592
7.25,0.172665231,1,0.172665231,7.62795106,7.62247806
7.5,0.168878041,1,0.168878041,7.72426819,7.71879519
7.75,0.16504979,1,0.16504979,7.82385025,7.81837731
8,0.161187098,1,0.161187098,7.92669724,7.92122442
8.25,0.157296509,1,0.157296509,8.03280916,8.02733652
8.5,0.153384474,1,0.153384474,8.142186,8.1367136
8.75,0.149457332,1,0.149457332,8.25482774,8.24935567
9,0.145521298,1,0.145521298,8.3707344,8.36526273
9.25,0.141582444,1,0.141582444,8.48990595,8.48443478
9.5,0.137646686,1,0.137646686,8.6123424,8.60687181
9.75,0.133719772,1,0.133719772,8.73804373,8.73257383
10,0.129807267,1,0.129807267,8.86700995,8.86154084
10.25,0.125914544,1,0.125914544,8.99924103,8.99377284
10.5,0.122046773,1,0.122046773,9.13473699,9.12926982
10.75,0.118208912,1,0.118208912,9.2734978,9.26803179
11,0.114405697,1,0.114405697,9.41552347,9.41005875
11.25,0.110641639,1,0.110641639,9.56081398,9.5553507
11.5,0.106921014,1,0.106921014,9.70936933,9.70390763
11.75,0.103247858,1,0.103247858,9.8611895,9.85572956
12,0.0996259671,1,0.0996259671,10.0162745,10.0108165
12.25,0.0960588912,1,0.0960588912,10.1746243,10.1691684
12.5,0.0925499329,1,0.0925499329,10.3362389,10.3307852
12.75,0.0891021467,1,0.0891021467,10.5011183,10.4956671
13,0.0857183392,1,0.0857183392,10.6692625,10.663814
13.25,0.0824010699,1,0.0824010699,10.8406715,10.8352258
13.5,0.0791526531,1,0.0791526531,11.0153452,11.0099027
13.75,0.0759751606,1,0.0759751606,11.1932837,11.1878445
14,0.0728704249,1,0.0728704249,11.374487,11.3690513
14.25,0.0698400437,1,0.0698400437,11.558955,11.5535231
14.5,0.0668853849,1,0.0668853849,11.7466877,11.7412599
14.75,0.0640075916,1,0.0640075916,11.9376851,11.9322616
15,0.0612075888,1,0.0612075888,12.1319473,12.1265284
15.25,0.0584860898,1,0.0584860898,12.3294741,12.3240602
15.5,0.0558436032,1,0.0558436032,12.5302657,12.5248569
15.75,0.053280441,1,0.053280441,12.7343219,12.7289186
16,0.0507967261,1,0.0507967261,12.9416428,12.9362453
16.25,0.0483924007,1,0.0483924007,13.1522283,13.146837
16.5,0.0460672353,1,0.0460672353,13.3660785,13.3606937
16.75,0.0438208368,1,0.0438208368,13.5831933,13.5778154
17,0.0416526582,1,0.0416526582,13.8035728,13.798202
17.25,0.0395620071,1,0.0395620071,14.0272168,14.0218537
17.5,0.0375480555,1,0.0375480555,14.2541255,14.2487703
17.75,0.0356098486,1,0.0356098486,14.4842987,14.4789519
18,0.0337463142,1,0.0337463142,14.7177365,14.7123986
18.25,0.0319562719,1,0.0319562719,14.9544389,14.9491102
18.5,0.0302384423,1,0.0302384423,15.1944058,15.1890867
18.75,0.0285914558,1,0.0285914558,15.4376373,15.4323283
19,0.0270138616,1,0.0270138616,15.6841333,15.6788349
19.25,0.0255041363,1,0.0255041363,15.9338938,15.9286064
19.5,0.0240606924,1,0.0240606924,16.1869188,16.181643
19.75,0.0226818865,1,0.0226818865,16.4432083,16.4379445
20,0.0213660272,1,0.0213660272,16.7027622,16.697511
20.25,0.020111383,1,0.020111383,16.9655806,16.9603425
20.5,0.0189161893,1,0.0189161893,17.2316635,17.226439
20.75,0.0177786558,1,0.0177786558,17.5010108,17.4958005
21,0.0166969733,1,0.0166969733,17.7736225,17.7684269
21.25,0.0156693198,1,0.0156693198,18.0494986,18.0443184
21.5,0.0146938667,1,0.0146938667,18.328639,18.3234748
21.75,0.0137687848,1,0.0137687848,18.6110439,18.6058962
22,0.0128922492,1,0.0128922492,18.8967131,18.8915826
22.25,0.0120624447,1,0.0120624447,19.1856466,19.180534
22.5,0.0112775705,1,0.0112775705,19.4778445,19.4727504
22.75,0.010535844,1,0.010535844,19.7733067,19.7682318
23,0.00983550549,1,0.00983550549,20.0720331,20.0669782
23.25,0.00917482122,1,0.00917482122,20.3740239,20.3689895
23.5,0.00855208698,1,0.00855208698,20.6792789,20.6742659
23.75,0.00796563099,1,0.00796563099,20.9877982,20.9828072
24,0.00741381655,1,0.00741381655,21.2995816,21.2946135
