tilt_deg,popd0_eta_total,popd1_S_system,popd2_T_receiver,loss_dB,predicted_loss_dB
-1.6,0.274922189,1,0.274922189,5.60790207,5.60119622
-1.58,0.283888723,1,0.283888723,5.46851858,5.46208578
-1.56,0.293029139,1,0.293029139,5.3308919,5.3247234
-1.54,0.302341533,1,0.302341533,5.19502189,5.18910913
-1.52,0.311823727,1,0.311823727,5.06090841,5.05524305
-1.5,0.321473269,1,0.321473269,4.92855134,4.92312523
-1.48,0.331287421,1,0.331287421,4.79795054,4.79275572
-1.46,0.341263163,1,0.341263163,4.66910589,4.66413459
-1.44,0.351397182,1,0.351397182,4.54201725,4.5372619
-1.42,0.361685875,1,0.361685875,4.41668451,4.41213772
-1.4,0.372125341,1,0.372125341,4.29310754,4.2887621
-1.38,0.382711381,1,0.382711381,4.17128622,4.16713511
-1.36,0.393439497,1,0.393439497,4.05122043,4.0472568
-1.34,0.40430489,1,0.40430489,3.93291006,3.92912724
-1.32,0.415302458,1,0.415302458,3.81635498,3.81274647
-1.3,0.4264268,1,0.4264268,3.70155509,3.69811457
-1.28,0.437672212,1,0.437672212,3.58851026,3.58523157
-1.26,0.449032691,1,0.449032691,3.4772204,3.47409755
-1.24,0.460501937,1,0.460501937,3.36768538,3.36471255
-1.22,0.472073355,1,0.472073355,3.25990511,3.25707662
-1.2,0.483740058,1,0.483740058,3.15387948,3.15118982
-1.18,0.49549487,1,0.49549487,3.04960838,3.0470522
-1.16,0.507330333,1,0.507330333,2.94709171,2.94466381
-1.14,0.519238711,1,0.519238711,2.84632937,2.8440247
-1.12,0.531211996,1,0.531211996,2.74732126,2.74513493
-1.1,0.543241915,1,0.543241915,2.65006729,2.64799452
-1.08,0.555319936,1,0.555319936,2.55456735,2.55260355
-1.06,0.567437278,1,0.567437278,2.46082137,2.45896204
-1.04,0.579584919,1,0.579584919,2.36882923,2.36707006
-1.02,0.591753607,1,0.591753607,2.27859086,2.27692763
-1,0.603933865,1,0.603933865,2.19010617,2.18853481
-0.98,0.616116009,1,0.616116009,2.10337506,2.10189164
-0.96,0.628290154,1,0.628290154,2.01839746,2.01699816
-0.94,0.640446228,1,0.640446228,1.93517328,1.93385442
-0.92,0.652573985,1,0.652573985,1.85370243,1.85246044
-0.9,0.664663018,1,0.664663018,1.77398485,1.77281628
-0.88,0.676702772,1,0.676702772,1.69602045,1.69492198
-0.86,0.68868256,1,0.68868256,1.61980915,1.61877756
-0.84,0.700591578,1,0.700591578,1.54535088,1.54438306
-0.82,0.712418918,1,0.712418918,1.47264556,1.47173853
-0.8,0.724153587,1,0.724153587,1.40169314,1.400844
-0.78,0.735784522,1,0.735784522,1.33249352,1.3316995
-0.76,0.747300605,1,0.747300605,1.26504666,1.26430507
-0.74,0.758690686,1,0.758690686,1.19935248,1.19866074
-0.72,0.769943592,1,0.769943592,1.13541091,1.13476654
-0.7,0.781048153,1,0.781048153,1.0732219,1.0726225
-0.68,0.791993216,1,0.791993216,1.01278539,1.01222866
-0.66,0.802767662,1,0.802767662,0.954101306,0.953585032
-0.64,0.813360429,1,0.813360429,0.897169602,0.89669166
-0.62,0.823760528,1,0.823760528,0.84199022,0.841548566
-0.6,0.83395706,1,0.83395706,0.788563105,0.788155778
-0.58,0.843939238,1,0.843939238,0.736888205,0.736513321
-0.56,0.853696406,1,0.853696406,0.686965469,0.686621221
-0.54,0.863218054,1,0.863218054,0.638794849,0.638479502
-0.52,0.872493842,1,0.872493842,0.592376297,0.592088188
-0.5,0.881513613,1,0.881513613,0.547709767,0.5474473
-0.48,0.890267416,1,0.890267416,0.504795217,0.504556861
-0.46,0.898745522,1,0.898745522,0.463632604,0.463416893
-0.44,0.906938444,1,0.906938444,0.424221887,0.424027413
-0.42,0.91483695,1,0.91483695,0.386563028,0.386388443
-0.4,0.922432086,1,0.922432086,0.35065599,0.350500001
-0.38,0.929715189,1,0.929715189,0.316500739,0.316362103
-0.36,0.936677905,1,0.936677905,0.284097239,0.283974766
-0.34,0.943312206,1,0.943312206,0.253445461,0.253338007
-0.32,0.949610401,1,0.949610401,0.224545373,0.22445184
-0.3,0.955565156,1,0.955565156,0.197396947,0.197316279
-0.28,0.961169507,1,0.961169507,0.172000157,0.171931338
-0.26,0.966416869,1,0.966416869,0.148354978,0.148297028
-0.24,0.971301057,1,0.971301057,0.126461387,0.126413362
-0.22,0.97581629,1,0.97581629,0.106319362,0.10628035
-0.2,0.979957208,1,0.979957208,0.0879288831,0.0878980016
-0.18,0.98371888,1,0.98371888,0.071289933,0.0712663262
-0.16,0.987096815,1,0.987096815,0.056402495,0.0563853317
-0.14,0.990086969,1,0.990086969,0.0432665547,0.0432550253
-0.12,0.992685756,1,0.992685756,0.0318820992,0.0318754136
-0.1,0.994890052,1,0.994890052,0.0222491172,0.0222465019
-0.08,0.996697204,1,0.996697204,0.0143675993,0.0143682951
-0.06,0.998105035,1,0.998105035,0.00823753789,0.0082407969
-0.04,0.999111844,1,0.999111844,0.00385892687,0.00386401035
-0.02,0.999716417,1,0.999716417,0.00123176197,0.00123793756
0,0.999918022,1,0.999918022,0.000356040626,0.000362579823
0.02,0.999716417,1,0.999716417,0.00123176197,0.00123793756
0.04,0.999111844,1,0.999111844,0.00385892687,0.00386401035
0.06,0.998105035,1,0.998105035,0.00823753789,0.0082407969
0.08,0.996697204,1,0.996697204,0.0143675993,0.0143682951
0.1,0.994890052,1,0.994890052,0.0222491172,0.0222465019
0.12,0.992685756,1,0.992685756,0.0318820992,0.0318754136
0.14,0.990086969,1,0.990086969,0.0432665547,0.0432550253
0.16,0.987096815,1,0.987096815,0.056402495,0.0563853317
0.18,0.98371888,1,0.98371888,0.071289933,0.0712663262
0.2,0.979957208,1,0.979957208,0.0879288831,0.0878980016
0.22,0.97581629,1,0.97581629,0.106319362,0.10628035
0.24,0.971301057,1,0.971301057,0.126461387,0.126413362
0.26,0.966416869,1,0.966416869,0.148354978,0.148297028
0.28,0.961169507,1,0.961169507,0.172000157,0.171931338
0.3,0.955565156,1,0.955565156,0.197396947,0.197316279
0.32,0.949610401,1,0.949610401,0.224545373,0.22445184
0.34,0.943312206,1,0.943312206,0.253445461,0.253338007
0.36,0.936677905,1,0.936677905,0.284097239,0.283974766
0.38,0.929715189,1,0.929715189,0.316500739,0.316362103
0.4,0.922432086,1,0.922432086,0.35065599,0.350500001
0.42,0.91483695,1,0.91483695,0.386563028,0.386388443
0.44,0.906938444,1,0.906938444,0.424221887,0.424027413
0.46,0.898745522,1,0.898745522,0.463632604,0.463416893
0.48,0.890267416,1,0.890267416,0.504795217,0.504556861
0.5,0.881513613,1,0.881513613,0.547709767,0.5474473
0.52,0.872493842,1,0.872493842,0.592376297,0.592088188
0.54,0.863218054,1,0.863218054,0.638794849,0.638479502
0.56,0.853696406,1,0.853696406,0.686965469,0.686621221
0.58,0.843939238,1,0.843939238,0.736888205,0.736513321
0.6,0.83395706,1,0.83395706,0.788563105,0.788155778
0.62,0.823760528,1,0.823760528,0.84199022,0.841548566
0.64,0.813360429,1,0.813360429,0.897169602,0.89669166
0.66,0.802767662,1,0.802767662,0.954101306,0.953585032
0.68,0.791993216,1,0.791993216,1.01278539,1.01222866
0.7,0.781048153,1,0.781048153,1.0732219,1.0726225
0.72,0.769943592,1,0.769943592,1.13541091,1.13476654
0.74,0.758690686,1,0.758690686,1.19935248,1.19866074
0.76,0.747300605,1,0.747300605,1.26504666,1.26430507
0.78,0.735784522,1,0.735784522,1.33249352,1.3316995
0.8,0.724153587,1,0.724153587,1.40169314,1.400844
0.82,0.712418918,1,0.712418918,1.47264556,1.47173853
0.84,0.700591578,1,0.700591578,1.54535088,1.54438306
0.86,0.68868256,1,0.68868256,1.61980915,1.61877756
0.88,0.676702772,1,0.676702772,1.69602045,1.69492198
0.9,0.664663018,1,0.664663018,1.77398485,1.77281628
0.92,0.652573985,1,0.652573985,1.85370243,1.85246044
0.94,0.640446228,1,0.640446228,1.93517328,1.93385442
0.96,0.628290154,1,0.628290154,2.01839746,2.01699816
0.98,0.616116009,1,0.616116009,2.10337506,2.10189164
1,0.603933865,1,0.603933865,2.19010617,2.18853481
1.02,0.591753607,1,0.591753607,2.27859086,2.27692763
1.04,0.579584919,1,0.579584919,2.36882923,2.36707006
1.06,0.567437278,1,0.567437278,2.46082137,2.45896204
1.08,0.555319936,1,0.555319936,2.55456735,2.55260355
1.1,0.543241915,1,0.543241915,2.65006729,2.64799452
1.12,0.531211996,1,0.531211996,2.74732126,2.74513493
1.14,0.519238711,1,0.519238711,2.84632937,2.8440247
1.16,0.507330333,1,0.507330333,2.94709171,2.94466381
1.18,0.49549487,1,0.49549487,3.04960838,3.0470522
1.2,0.483740058,1,0.483740058,3.15387948,3.15118982
1.22,0.472073355,1,0.472073355,3.25990511,3.25707662
1.24,0.460501937,1,0.460501937,3.36768538,3.36471255
1.26,0.449032691,1,0.449032691,3.4772204,3.47409755
1.28,0.437672212,1,0.437672212,3.58851026,3.58523157
1.3,0.4264268,1,0.4264268,3.70155509,3.69811457
1.32,0.415302458,1,0.415302458,3.81635498,3.81274647
1.34,0.40430489,1,0.40430489,3.93291006,3.92912724
1.36,0.393439497,1,0.393439497,4.05122043,4.0472568
1.38,0.382711381,1,0.382711381,4.17128622,4.16713511
1.4,0.372125341,1,0.372125341,4.29310754,4.2887621
1.42,0.361685875,1,0.361685875,4.41668451,4.41213772
1.44,0.351397182,1,0.351397182,4.54201725,4.5372619
1.46,0.341263163,1,0.341263163,4.66910589,4.66413459
1.48,0.331287421,1,0.331287421,4.79795054,4.79275572
1.5,0.321473269,1,0.321473269,4.92855134,4.92312523
1.52,0.311823727,1,0.311823727,5.06090841,5.05524305
1.54,0.302341533,1,0.302341533,5.19502189,5.18910913
1.56,0.293029139,1,0.293029139,5.3308919,5.3247234
1.58,0.283888723,1,0.283888723,5.46851858,5.46208578
1.6,0.274922189,1,0.274922189,5.60790207,5.60119622
