offset_um,popd0_eta_total,popd1_S_system,popd2_T_receiver,loss_dB
-24,0.00606062215,1,0.00606062215,22.1748279
-23.75,0.00654962068,1,0.00654962068,21.8378385
-23.5,0.00707232469,1,0.00707232469,21.5043781
-23.25,0.0076305411,1,0.0076305411,21.1744466
-23,0.0082261303,1,0.0082261303,20.8480442
-22.75,0.00886100411,1,0.00886100411,20.5251706
-22.5,0.0095371233,1,0.0095371233,20.205826
-22.25,0.0102564948,1,0.0102564948,19.8900104
-22,0.0110211683,1,0.0110211683,19.5777236
-21.75,0.011833233,1,0.011833233,19.2689658
-21.5,0.012694813,1,0.012694813,18.9637369
-21.25,0.0136080629,1,0.0136080629,18.6620369
-21,0.014575163,1,0.014575163,18.3638658
-20.75,0.0155983135,1,0.0155983135,18.0692236
-20.5,0.0166797286,1,0.0166797286,17.7781102
-20.25,0.0178216302,1,0.0178216302,17.4905257
-20,0.0190262409,1,0.0190262409,17.2064701
-19.75,0.0202957764,1,0.0202957764,16.9259433
-19.5,0.0216324378,1,0.0216324378,16.6489454
-19.25,0.0230384031,1,0.0230384031,16.3754763
-19,0.0245158187,1,0.0245158187,16.105536
-18.75,0.0260667896,1,0.0260667896,15.8391245
-18.5,0.0276933701,1,0.0276933701,15.5762419
-18.25,0.0293975538,1,0.0293975538,15.3168881
-18,0.0311812626,1,0.0311812626,15.061063
-17.75,0.0330463366,1,0.0330463366,14.8087668
-17.5,0.0349945222,1,0.0349945222,14.5599993
-17.25,0.0370274613,1,0.0370274613,14.3147606
-17,0.0391466793,1,0.0391466793,14.0730507
-16.75,0.0413535734,1,0.0413535734,13.8348696
-16.5,0.0436494005,1,0.0436494005,13.6002172
-16.25,0.046035265,1,0.046035265,13.3690935
-16,0.048512107,1,0.048512107,13.1414986
-15.75,0.0510806899,1,0.0510806899,12.9174325
-15.5,0.0537415883,1,0.0537415883,12.696895
-15.25,0.0564951763,1,0.0564951763,12.4798863
-15,0.0593416158,1,0.0593416158,12.2664063
-14.75,0.0622808449,1,0.0622808449,12.056455
-14.5,0.0653125669,1,0.0653125669,11.8500325
-14.25,0.0684362398,1,0.0684362398,11.6471386
-14,0.0716510661,1,0.0716510661,11.4477734
-13.75,0.0749559832,1,0.0749559832,11.2519369
-13.5,0.0783496544,1,0.0783496544,11.0596291
-13.25,0.0818304609,1,0.0818304609,10.87085
-13,0.0853964943,1,0.0853964943,10.6855996
-12.75,0.0890455499,1,0.0890455499,10.5038778
-12.5,0.0927751215,1,0.0927751215,10.3256847
-12.25,0.0965823965,1,0.0965823965,10.1510202
-12,0.100464253,1,0.100464253,9.97988442
-11.75,0.104417255,1,0.104417255,9.81227727
-11.5,0.108437657,1,0.108437657,9.64819875
-11.25,0.112521396,1,0.112521396,9.48764888
-11,0.1166641,1,0.1166641,9.33062764
-10.75,0.120861087,1,0.120861087,9.17713504
-10.5,0.12510737,1,0.12510737,9.02717106
-10.25,0.129397662,1,0.129397662,8.8807357
-10,0.133726385,1,0.133726385,8.73782895
-9.75,0.138087675,1,0.138087675,8.59845083
-9.5,0.142475395,1,0.142475395,8.46260131
-9.25,0.146883144,1,0.146883144,8.3302804
-9,0.151304272,1,0.151304272,8.20148809
-8.75,0.155731893,1,0.155731893,8.07622438
-8.5,0.160158899,1,0.160158899,7.95448926
-8.25,0.16457798,1,0.16457798,7.83628274
-8,0.16898164,1,0.16898164,7.7216048
-7.75,0.173362218,1,0.173362218,7.61045545
-7.5,0.177711909,1,0.177711909,7.50283468
-7.25,0.182022783,1,0.182022783,7.39874249
-7,0.186286813,1,0.186286813,7.29817888
-6.75,0.190495893,1,0.190495893,7.20114384
-6.5,0.194641868,1,0.194641868,7.10763737
-6.25,0.198716557,1,0.198716557,7.01765947
-6,0.20271178,1,0.20271178,6.93121013
-5.75,0.206619385,1,0.206619385,6.84828936
-5.5,0.210431274,1,0.210431274,6.76889715
-5.25,0.214139434,1,0.214139434,6.6930335
-5,0.21773596,1,0.21773596,6.6206984
-4.75,0.221213086,1,0.221213086,6.55189185
-4.5,0.224563213,1,0.224563213,6.48661386
-4.25,0.227778935,1,0.227778935,6.42486442
-4,0.230853066,1,0.230853066,6.36664353
-3.75,0.233778669,1,0.233778669,6.31195119
-3.5,0.236549079,1,0.236549079,6.26078739
-3.25,0.239157931,1,0.239157931,6.21315213
-3,0.241599181,1,0.241599181,6.16904542
-2.75,0.243867134,1,0.243867134,6.12846725
-2.5,0.245956462,1,0.245956462,6.09141762
-2.25,0.247862227,1,0.247862227,6.05789653
-2,0.249579898,1,0.249579898,6.02790398
-1.75,0.251105372,1,0.251105372,6.00143996
-1.5,0.25243499,1,0.25243499,5.97850448
-1.25,0.253565548,1,0.253565548,5.95909754
-1,0.254494316,1,0.254494316,5.94321914
-0.75,0.255219042,1,0.255219042,5.93086926
-0.5,0.255737966,1,0.255737966,5.92204793
-0.25,0.256049827,1,0.256049827,5.91675513
0,0.256153866,1,0.256153866,5.91499086
0.25,0.256049827,1,0.256049827,5.91675513
0.5,0.255737966,1,0.255737966,5.92204793
0.75,0.255219042,1,0.255219042,5.93086926
1,0.254494316,1,0.254494316,5.94321914
1.25,0.253565548,1,0.253565548,5.95909754
1.5,0.25243499,1,0.25243499,5.97850448
1.75,0.251105372,1,0.251105372,6.00143996
2,0.249579898,1,0.249579898,6.02790398
2.25,0.247862227,1,0.247862227,6.05789653
2.5,0.245956462,1,0.245956462,6.09141762
2.75,0.243867134,1,0.243867134,6.12846725
3,0.241599181,1,0.241599181,6.16904542
3.25,0.239157931,1,0.239157931,6.21315213
3.5,0.236549079,1,0.236549079,6.26078739
3.75,0.233778669,1,0.233778669,6.31195119
4,0.230853066,1,0.230853066,6.36664353
4.25,0.227778935,1,0.227778935,6.42486442
4.5,0.224563213,1,0.224563213,6.48661386
4.75,0.221213086,1,0.221213086,6.55189185
5,0.21773596,1,0.21773596,6.6206984
5.25,0.214139434,1,0.214139434,6.6930335
5.5,0.210431274,1,0.210431274,6.76889715
5.75,0.206619385,1,0.206619385,6.84828936
6,0.20271178,1,0.20271178,6.93121013
6.25,0.198716557,1,0.198716557,7.01765947
6.5,0.194641868,1,0.194641868,7.10763737
6.75,0.190495893,1,0.190495893,7.20114384
7,0.186286813,1,0.186286813,7.29817888
7.25,0.182022783,1,0.182022783,7.39874249
7.5,0.177711909,1,0.177711909,7.50283468
7.75,0.173362218,1,0.173362218,7.61045545
8,0.16898164,1,0.16898164,7.7216048
8.25,0.16457798,1,0.16457798,7.83628274
8.5,0.160158899,1,0.160158899,7.95448926
8.75,0.155731893,1,0.155731893,8.07622438
9,0.151304272,1,0.151304272,8.20148809
9.25,0.146883144,1,0.146883144,8.3302804
9.5,0.142475395,1,0.142475395,8.46260131
9.75,0.138087675,1,0.138087675,8.59845083
10,0.133726385,1,0.133726385,8.73782895
10.25,0.129397662,1,0.129397662,8.8807357
10.5,0.12510737,1,0.12510737,9.02717106
10.75,0.120861087,1,0.120861087,9.17713504
11,0.1166641,1,0.1166641,9.33062764
11.25,0.112521396,1,0.112521396,9.48764888
11.5,0.108437657,1,0.108437657,9.64819875
11.75,0.104417255,1,0.104417255,9.81227727
12,0.100464253,1,0.100464253,9.97988442
12.25,0.0965823965,1,0.0965823965,10.1510202
12.5,0.0927751215,1,0.0927751215,10.3256847
12.75,0.0890455499,1,0.0890455499,10.5038778
13,0.0853964943,1,0.0853964943,10.6855996
13.25,0.0818304609,1,0.0818304609,10.87085
13.5,0.0783496544,1,0.0783496544,11.0596291
13.75,0.0749559832,1,0.0749559832,11.2519369
14,0.0716510661,1,0.0716510661,11.4477734
14.25,0.0684362398,1,0.0684362398,11.6471386
14.5,0.0653125669,1,0.0653125669,11.8500325
14.75,0.0622808449,1,0.0622808449,12.056455
15,0.0593416158,1,0.0593416158,12.2664063
15.25,0.0564951763,1,0.0564951763,12.4798863
15.5,0.0537415883,1,0.0537415883,12.696895
15.75,0.0510806899,1,0.0510806899,12.9174325
16,0.048512107,1,0.048512107,13.1414986
16.25,0.046035265,1,0.046035265,13.3690935
16.5,0.0436494005,1,0.0436494005,13.6002172
16.75,0.0413535734,1,0.0413535734,13.8348696
17,0.0391466793,1,0.0391466793,14.0730507
17.25,0.0370274613,1,0.0370274613,14.3147606
17.5,0.0349945222,1,0.0349945222,14.5599993
17.75,0.0330463366,1,0.0330463366,14.8087668
18,0.0311812626,1,0.0311812626,15.061063
18.25,0.0293975538,1,0.0293975538,15.3168881
18.5,0.0276933701,1,0.0276933701,15.5762419
18.75,0.0260667896,1,0.0260667896,15.8391245
19,0.0245158187,1,0.0245158187,16.105536
19.25,0.0230384031,1,0.0230384031,16.3754763
19.5,0.0216324378,1,0.0216324378,16.6489454
19.75,0.0202957764,1,0.0202957764,16.9259433
20,0.0190262409,1,0.0190262409,17.2064701
20.25,0.0178216302,1,0.0178216302,17.4905257
20.5,0.0166797286,1,0.0166797286,17.7781102
20.75,0.0155983135,1,0.0155983135,18.0692236
21,0.014575163,1,0.014575163,18.3638658
21.25,0.0136080629,1,0.0136080629,18.6620369
21.5,0.012694813,1,0.012694813,18.9637369
21.75,0.011833233,1,0.011833233,19.2689658
22,0.0110211683,1,0.0110211683,19.5777236
22.25,0.0102564948,1,0.0102564948,19.8900104
22.5,0.0095371233,1,0.0095371233,20.205826
22.75,0.00886100411,1,0.00886100411,20.5251706
23,0.0082261303,1,0.0082261303,20.8480442
23.25,0.0076305411,1,0.0076305411,21.1744466
23.5,0.00707232469,1,0.00707232469,21.5043781
23.75,0.00654962068,1,0.00654962068,21.8378385
24,0.00606062215,1,0.00606062215,22.1748279
