role,t_um,rho,roc_um,mfd_um,loss_dB,S,T,lateral_rel,lateral_abs,angular_rel,angular_abs,longitudinal_rel,longitudinal_abs,area_rel_um2,area_abs_um2,product_rel,product_abs,product_excess_pct,worst_loss_roc5_dB,pareto_strict,pareto_eps,pred_loss_dB,pred_lateral_abs,pred_angular_abs,pred_longitudinal_abs,pred_product_rel,largest_beam_um,window_ok
gate: Stage 9 ROC 420 um,630,0.864088,420,34,0.297543,1,0.933782,7.83583,6.56743,0.704485,0.590464,964.798,863.499,192.894,135.5,0.0963461,0.0676809,0.336433,0.571747,False,False,0.295827,6.57507,0.591262,862.731,0.0963565,24.4882,True
gate: B as built,630,0.987529,480,34,0.000356041,1,0.999918,8.13986,8.13841,0.675807,0.675686,713.305,713.165,208.153,208.079,0.09601,0.0959758,-0.0135335,0.0460882,True,True,0.00036258,8.13671,0.675878,712.63,0.0960178,24.2095,True
grid,400,0.8,273.858,22.6493,0.263931,1,0.941037,5.2042,4.46492,1.06126,0.910542,414.456,374.364,85.0859,62.6292,0.0963949,0.0709563,0.387268,0.435881,True,False,0.261987,4.47076,0.911887,374.023,0.0964144,16.1656,True
grid,400,0.85,290.974,22.6493,0.119515,1,0.972856,5.30464,4.97758,1.0382,0.974198,393.135,373.84,88.4019,77.837,0.0961197,0.0846336,0.100695,0.237641,True,True,0.118736,4.97912,0.974927,373.362,0.0961394,16.1042,True
grid,400,0.9,308.09,22.6493,0.0374906,1,0.991405,5.3752,5.27348,1.02357,1.00421,362.231,355.883,90.7694,87.3665,0.0960264,0.0924267,0.00351734,0.108768,True,True,0.0372584,5.27316,1.00469,355.476,0.0960425,16.0943,True
grid,400,0.95,325.207,22.6493,0.00318156,1,0.999268,5.41819,5.40956,1.01523,1.01361,327.532,326.979,92.2269,91.9335,0.0960051,0.0956997,-0.0186319,0.0347524,True,True,0.00315623,5.40863,1.01397,326.713,0.0960206,16.1238,True
grid,400,1,342.323,22.6493,0.00457213,1,0.998948,5.43791,5.42547,1.01153,1.00921,293.941,293.14,92.8998,92.475,0.0960037,0.0955648,-0.0201049,0.0321171,True,False,0.00458878,5.42454,1.00951,293.001,0.0960179,16.1825,True
grid,400,1.05,359.439,22.6493,0.0321171,1,0.992632,5.43941,5.35135,1.01125,0.994883,264.249,258.681,92.951,89.9657,0.0960038,0.0929208,-0.0199865,0.0811005,False,False,0.0321115,5.35067,0.995173,258.628,0.0960179,16.2617,True
grid,500,0.8,321.99,27.458,0.451447,1,0.901271,6.21112,4.60024,0.892603,0.661142,633.941,538.101,121.197,66.4831,0.0967623,0.0530827,0.7699,0.718359,False,False,0.448277,4.61389,0.663012,538.021,0.0967754,19.8633,True
grid,500,0.85,342.114,27.458,0.218201,1,0.950999,6.37399,5.63583,0.865005,0.764852,612.671,562.888,127.636,99.7852,0.0962293,0.0752338,0.214876,0.409742,True,True,0.216837,5.64024,0.765669,562.259,0.0962442,19.6681,True
grid,500,0.9,362.238,27.458,0.0780643,1,0.982186,6.49166,6.23313,0.847733,0.813978,565.623,546.59,132.392,122.057,0.0960489,0.0885516,0.026966,0.200325,True,True,0.0776103,6.23354,0.814419,545.909,0.0960611,19.5742,True
grid,500,0.95,382.363,27.458,0.0118002,1,0.997287,6.56228,6.52345,0.838267,0.833307,503.899,500.897,135.288,133.692,0.0960095,0.0948767,-0.0140345,0.07315,True,True,0.0117191,6.52239,0.833602,500.421,0.0960203,19.5593,True
grid,500,1,402.487,27.458,0.0021113,1,0.999514,6.5907,6.58374,0.834628,0.833747,440.801,440.257,136.463,136.174,0.0960068,0.0958041,-0.0168445,0.0343686,True,True,0.00212504,6.58249,0.833982,440.016,0.096017,19.6053,True
grid,500,1.05,422.611,27.458,0.0343686,1,0.992118,6.58551,6.47135,0.835287,0.82081,385.221,376.494,136.247,131.565,0.0960068,0.0927075,-0.0168398,0.100487,False,False,0.0343615,6.47043,0.821016,376.414,0.0960171,19.696,True
grid,630,0.8,388.849,33.8706,0.737083,1,0.843901,7.49128,3.84121,0.746026,0.382569,976.115,748.312,176.304,46.354,0.0975411,0.0256481,1.58099,1.1373,False,False,0.732258,3.87707,0.385951,749.292,0.0975443,24.99,True
grid,630,0.85,413.153,33.8706,0.372277,1,0.917851,7.75596,6.14499,0.712651,0.564668,973.884,850.85,188.982,118.629,0.0964695,0.0605608,0.464985,0.672986,False,False,0.370051,6.15581,0.565687,850.322,0.0964796,24.5262,True
grid,630,0.9,437.456,33.8706,0.142926,1,0.967626,7.95914,7.36845,0.691762,0.640429,911.717,860.25,199.013,170.57,0.0960949,0.0823615,0.0748772,0.34358,True,True,0.142128,7.37075,0.640882,859.19,0.0961051,24.2643,True
grid,630,0.95,461.759,33.8706,0.0270175,1,0.993798,8.08335,7.9734,0.680562,0.671306,802.904,792.532,205.273,199.727,0.0960143,0.0934204,-0.00901666,0.134632,True,True,0.0268493,7.97241,0.671562,791.678,0.0960225,24.1587,True
grid,630,1,486.062,33.8706,0.000906879,1,0.999791,8.12894,8.12525,0.676708,0.676401,680.756,680.401,207.595,207.407,0.0960091,0.0959221,-0.0144361,0.0423076,True,False,0.000917926,8.12358,0.676586,679.975,0.0960167,24.1767,True
grid,630,1.05,510.365,33.8706,0.0423076,1,0.990306,8.1099,7.9365,0.678302,0.6638,573.48,557.234,206.624,197.882,0.0960099,0.0919482,-0.0136079,0.137519,False,False,0.0422991,7.93528,0.663946,557.121,0.0960177,24.2884,True
grid,700,0.8,425.998,37.3693,0.907202,1,0.811484,8.16189,2.48636,0.688831,0.209841,1181.27,842.72,209.282,19.4213,0.0981252,0.00910609,2.18926,1.38175,False,False,0.901507,2.56215,0.216121,844.729,0.0981233,27.8928,True
grid,700,0.85,452.623,37.3693,0.466029,1,0.89825,8.48785,6.20237,0.652472,0.476808,1200.16,1017.06,226.331,120.855,0.0966578,0.0516153,0.661099,0.830352,False,False,0.463311,6.21836,0.478008,1016.8,0.0966676,27.2314,True
grid,700,0.9,479.248,37.3693,0.182937,1,0.958752,8.74794,7.90742,0.629624,0.569134,1136.45,1057.61,240.415,196.435,0.0961312,0.0785465,0.112669,0.430897,True,True,0.181933,7.91123,0.569602,1056.38,0.0961372,26.8472,True
grid,700,0.95,505.873,37.3693,0.0365812,1,0.991612,8.91024,8.74575,0.617422,0.606025,998.069,981.064,249.418,240.294,0.0960171,0.0925049,-0.00610125,0.172579,True,True,0.0363596,8.74492,0.606265,979.956,0.0960247,26.6752,True
grid,700,1,532.498,37.3693,0.000609569,1,0.99986,8.96837,8.96564,0.613374,0.613187,832.894,832.604,252.683,252.529,0.0960099,0.0959514,-0.0136085,0.0482641,True,True,0.000619519,8.96376,0.613351,832.053,0.0960166,26.6723,True
grid,700,1.05,559.123,37.3693,0.0482641,1,0.988948,8.9391,8.72071,0.615394,0.600361,687.952,665.481,251.037,238.921,0.0960117,0.091378,-0.0118087,0.162177,False,False,0.0482548,8.71932,0.600501,665.353,0.0960185,26.7991,True
grid,786,0.8,472.338,41.6966,1.12879,1,0.771118,8.96769,nan,0.632598,nan,1449.15,nan,252.645,0,0.0990115,nan,3.1123,1.69493,False,False,1.12247,nan,nan,nan,0.0990029,31.6005,True
grid,786,0.85,501.859,41.6966,0.590634,1,0.872844,9.37168,5.99619,0.592762,0.379271,1504.67,1222.8,275.921,112.954,0.0969561,0.039692,0.971788,1.03597,False,False,0.5873,6.0211,0.380783,1223.13,0.0969617,30.6363,True
grid,786,0.9,531.38,41.6966,0.236741,1,0.946948,9.711,8.48398,0.56753,0.49583,1448.58,1324.2,296.263,226.125,0.0961901,0.0734191,0.173992,0.547123,True,True,0.235464,8.49024,0.496319,1322.82,0.0961983,30.0667,True
grid,786,0.95,560.902,41.6966,0.0495125,1,0.988664,9.92951,9.68057,0.554066,0.540177,1271.81,1243.35,309.746,294.41,0.0960212,0.0912672,-0.00189191,0.223626,True,True,0.0492193,9.68011,0.540406,1241.89,0.0960278,29.7944,True
grid,786,1,590.423,41.6966,0.000390857,1,0.99991,10.0067,10.0047,0.549734,0.549626,1041.77,1041.54,314.579,314.456,0.0960107,0.0959731,-0.0128578,0.0569334,True,True,0.000399693,10.0026,0.549772,1040.81,0.0960163,29.7596,True
grid,786,1.05,619.944,41.6966,0.0569334,1,0.986976,9.9618,9.67406,0.55223,0.536281,839.971,807.149,311.763,294.014,0.0960141,0.090548,-0.00923113,0.196586,False,False,0.0569232,9.67251,0.536405,807.006,0.0960201,29.9095,True
grid,800,0.8,479.939,42.4034,1.16613,1,0.764516,9.09699,nan,0.624632,nan,1494.19,nan,259.983,0,0.0991743,nan,3.28182,1.74699,False,False,1.15965,nan,nan,nan,0.0991673,32.2189,True
grid,800,0.85,509.936,42.4034,0.611847,1,0.868591,9.51386,5.92734,0.584242,0.364003,1556.76,1255.83,284.356,110.375,0.0970122,0.0376567,1.03022,1.07069,False,False,0.608412,5.9541,0.365584,1256.28,0.0970173,31.1991,True
grid,800,0.9,539.932,42.4034,0.245974,1,0.944936,9.86695,8.56793,0.558626,0.48509,1503.07,1369.87,305.855,230.622,0.0962013,0.0725396,0.185735,0.566929,True,True,0.244651,8.57464,0.485585,1368.48,0.0962095,30.5954,True
grid,800,0.95,569.928,42.4034,0.0517382,1,0.988158,10.0956,9.83099,0.544954,0.530671,1319.98,1289.26,320.196,303.63,0.0960219,0.0910542,-0.00111877,0.232389,True,True,0.0514326,9.83059,0.530892,1287.74,0.0960286,30.3046,True
grid,800,1,599.924,42.4034,0.000365028,1,0.999916,10.1763,10.1744,0.540572,0.540473,1078.06,1077.84,325.333,325.214,0.0960108,0.0959757,-0.0127564,0.0584766,True,True,0.000373703,10.1722,0.540617,1077.08,0.0960164,30.264,True
grid,800,1.05,629.92,42.4034,0.0584766,1,0.986626,10.1285,9.82793,0.543142,0.527024,865.838,831.007,322.287,303.441,0.0960146,0.0904002,-0.00875683,0.202599,False,False,0.0584662,9.82635,0.527138,830.862,0.0960205,30.4181,True
grid,900,0.8,534.597,47.4676,1.44117,1,0.717602,10.007,nan,0.575341,nan,1826.04,nan,314.598,0,0.100486,nan,4.64793,2.12537,False,False,1.43358,nan,nan,nan,0.100469,36.7629,True
grid,900,0.85,568.01,47.4676,0.770391,1,0.837454,10.5152,5.03867,0.531146,0.254523,1947.1,1481.3,347.366,79.7593,0.0974788,0.0223831,1.51605,1.32702,False,False,0.76624,5.08479,0.25674,1482.92,0.0974792,35.2899,True
grid,900,0.9,601.422,47.4676,0.315686,1,0.92989,10.9728,9.07705,0.502831,0.415986,1921.14,1712.01,378.253,258.844,0.0962975,0.0659022,0.285894,0.715145,False,False,0.314023,9.08758,0.41649,1710.63,0.0963034,34.4071,True
grid,900,0.95,634.835,47.4676,0.0686063,1,0.984327,11.2823,10.8884,0.487668,0.470644,1694.03,1643.44,399.892,372.457,0.0960281,0.0894403,0.00532011,0.298571,True,True,0.0682078,10.8886,0.470857,1641.45,0.096033,33.9664,True
grid,900,1,668.247,47.4676,0.000230332,1,0.999947,11.3915,11.3902,0.482908,0.482852,1355.97,1355.79,407.672,407.578,0.0960113,0.0959892,-0.012157,0.0705148,True,True,0.000237984,11.3877,0.482973,1354.77,0.096015,33.8779,True
grid,900,1.05,701.659,47.4676,0.0705148,1,0.983894,11.3202,10.9138,0.485984,0.468537,1059.13,1006.87,402.588,374.2,0.0960184,0.089248,-0.00477855,0.248759,False,False,0.0705031,10.912,0.468638,1006.71,0.0960225,34.067,True
grid,1000,0.8,589.758,52.5532,1.72828,1,0.671695,10.8959,nan,0.536659,nan,2173.57,nan,372.974,0,0.102056,nan,6.28324,2.51149,False,False,1.71973,nan,nan,nan,0.102031,41.5395,True
grid,1000,0.85,626.618,52.5532,0.940241,1,0.805334,11.4921,2.80933,0.48893,0.119528,2365.72,1673.66,414.903,24.7944,0.0980669,0.00586068,2.12856,1.59574,False,False,0.935394,2.92162,0.124244,1677.03,0.0980631,39.5091,True
grid,1000,0.9,663.477,52.5532,0.391802,1,0.913734,12.0626,9.40731,0.458003,0.357191,2387.5,2076.55,457.123,278.023,0.0964245,0.0586466,0.418088,0.874294,False,False,0.389782,9.42278,0.357814,2075.42,0.0964298,38.2803,True
grid,1000,0.95,700.337,52.5532,0.087169,1,0.980129,12.4674,11.9117,0.441347,0.421674,2121.51,2043.47,488.32,445.754,0.0960362,0.0876652,0.013733,0.370882,True,True,0.086669,11.9128,0.421881,2040.96,0.0960411,37.6551,True
grid,1000,1,737.197,52.5532,0.000151585,1,0.999965,12.6119,12.6109,0.436181,0.436148,1666.6,1666.45,499.701,499.625,0.0960117,0.0959972,-0.0117205,0.087169,True,True,0.000158395,12.6081,0.436258,1665.13,0.0960153,37.5075,True
grid,1000,1.05,774.057,52.5532,0.0842584,1,0.980786,12.5116,11.9729,0.439732,0.4208,1266.32,1190.37,491.784,450.347,0.0960235,0.087933,0.000496996,0.300324,False,False,0.0842453,11.9709,0.420884,1190.21,0.0960275,37.7403,True
grid,1200,0.8,701.082,62.7679,2.32631,1,0.585288,12.6266,nan,0.48068,nan,2908.34,nan,500.865,0,0.10593,nan,10.3173,3.29035,False,False,2.31625,nan,nan,nan,0.105888,51.8431,True
grid,1200,0.85,744.9,62.7679,1.30807,1,0.739934,13.3786,nan,0.426673,nan,3270.42,nan,562.306,0,0.0996286,nan,3.75488,2.15884,False,False,1.30209,nan,nan,nan,0.0996167,48.3646,True
grid,1200,0.9,788.717,62.7679,0.562022,1,0.878613,14.1889,9.39023,0.390837,0.258662,3450,2838.58,632.476,277.014,0.0967878,0.0423921,0.796504,1.22021,False,False,0.559258,9.42039,0.259442,2838.83,0.0967912,46.2147,True
grid,1200,0.95,832.535,62.7679,0.129349,1,0.970655,14.8261,13.834,0.371227,0.346389,3140.12,2978.28,690.56,601.237,0.09606,0.0836352,0.0385297,0.532797,True,True,0.128622,13.8377,0.346585,2974.72,0.0960654,45.1019,True
grid,1200,1,876.353,62.7679,7.23342e-05,1,0.999983,15.0632,15.0626,0.365202,0.365189,2386.05,2385.95,712.824,712.773,0.0960123,0.0960054,-0.0111419,0.129349,True,True,7.78383e-05,15.0592,0.365287,2383.87,0.0960168,44.7986,True
grid,1200,1.05,920.17,62.7679,0.116572,1,0.973515,14.8862,13.9917,0.369645,0.347434,1717.31,1569.96,696.173,615.019,0.0960387,0.0848437,0.0163885,0.41854,False,False,0.116555,13.9894,0.347493,1569.83,0.0960433,45.1491,True
