value,loss_dB,eta,S,T,lateral_rel,lateral_abs,angular_rel,angular_abs,longitudinal_rel,longitudinal_abs,product_rel,product_abs,pred_loss_dB,pred_lateral_rel,pred_lateral_abs,pred_angular_rel,pred_angular_abs,pred_longitudinal_rel,pred_longitudinal_abs,pred_product_rel,pred_product_abs,fiber_x_um,fiber_tilt_deg
400.0,0.0045721258043671985,0.9989477830967938,1.0,0.9989477830967938,5.43791410738461,5.425468454083083,1.0115287614395752,1.0092142193569935,293.9407833725166,293.14002041572894,0.09600369466308764,0.0955648034997629,0.004588775664746075,5.437029456045776,5.424541119192012,1.011842954181542,1.0095117657624946,293.8048524099883,293.00146371568223,0.09601789160615719,0.0955766398541872,0.0,0.0
450.0,0.003059402212829618,0.9992957946761635,0.9999999999999649,0.9992957946761986,6.009824592027646,6.000624316236486,0.9152859525361047,0.9138850312509116,363.2657145883044,362.6108632619403,0.09600546624962064,0.09571177471312052,0.0030744907383542684,6.008784466908254,5.999540380410251,0.9155714206130127,0.9141628107688654,363.08260732233623,362.4247819746119,0.09601878842172738,0.09572357238328273,0.0,0.0
500.0,0.002111300926297483,0.999513973145364,0.9999999999999115,0.9995139731454525,6.590703115841699,6.583741962097682,0.8346280816177379,0.8337466819967062,440.8007704366712,440.257068389155,0.09600682536889149,0.09580414234120135,0.00212504271561871,6.5894991173380655,6.582493910061602,0.8348693314897835,0.8339817055155255,440.5625823468189,440.0155672283074,0.09601703248820313,0.09581298211337326,0.0,0.0
550.0,0.0014972115223602545,0.9996553137247237,0.9999999999999358,0.9996553137247879,7.178345917115719,7.1729701540256725,0.7663111495821782,0.765737349032327,526.5365459100612,526.0790504117622,0.096007883278514,0.09586414910678535,0.0015097954551330115,7.176987524888655,7.1715677704172975,0.7665268542116077,0.765947984896166,526.2349407515928,525.7737999524751,0.09601673486112064,0.0958717715157919,0.0,0.0
592.0,0.001142839184493082,0.9997368861735254,0.9999999999999276,0.9997368861735978,7.676044342012794,7.6716568467056705,0.7166304938280128,0.7162209304898776,604.8873925838817,604.4880205550617,0.09600859773984464,0.09589888211385614,0.0011545733530038203,7.674543668730372,7.6701119909470705,0.716831240300917,0.7164173108081211,604.5258205335294,604.1225283136416,0.09601671717448965,0.09590585995774353,0.0,0.0
630.0,0.0009068786693594653,0.9997912052701321,0.9999999999999283,0.9997912052702038,8.128937835047605,8.125251019408488,0.6767081399138077,0.6764012585296761,680.7562465556695,680.4007981706314,0.09600913799547867,0.09592207422786789,0.0009179260082866165,8.127315670831882,8.123584690270444,0.6768967434759842,0.6765859969782555,680.3348932308536,679.9752799280117,0.09601673207939011,0.09592859532435462,0.0,0.0
700.0,0.0006095691704757591,0.9998596513612832,0.9999999999999393,0.9998596513613439,8.968368915816736,8.965635078949441,0.6133739573699176,0.6131869997270718,832.8944206542375,832.6035741792185,0.09600993266514223,0.09595141075711396,0.0006195188979453481,8.966542423705915,8.963764731391237,0.613541350286796,0.6133512639531151,832.3486704932352,832.0532178654772,0.09601657561510701,0.09595709273004706,0.0,0.0
800.0,0.0003650282927410463,0.9999159526616368,0.9999999999998946,0.9999159526617422,10.176278944751598,10.17442146067685,0.5405719366861517,0.5404732733484978,1078.0638618577275,1077.83959515863,0.0960107509518539,0.09597570568044435,0.00037370272882488576,10.17412522125299,10.172223994433915,0.5407181952613469,0.5406171562254523,1077.3062329369197,1077.076751497859,0.09601640251255769,0.09598052169101785,0.0,0.0
900.0,0.00023033245956123025,0.9999469653976024,0.9999999999998671,0.9999469653977353,11.391493455650554,11.390181464857337,0.48290804118533537,0.4828524269511376,1355.966069607089,1355.7887306199725,0.09601132644661418,0.09598921265159621,0.00023798354542441311,11.38904804189147,11.387692811406055,0.48303014965671526,0.4829726711940762,1354.9532036581188,1354.7700690252668,0.09601498796026081,0.09599213873347445,0.0,0.0
1000.0,0.0001515851816547231,0.9999650968311701,0.9999999999997862,0.9999650968313839,12.61189018318837,12.610934259273858,0.43618107404355155,0.43614801538689113,1666.5974781042323,1666.4544166228436,0.09601174558706145,0.09599719204624803,0.0001583954030049115,12.609124429205579,12.608125776153086,0.4362928779210454,0.43625832442214263,1665.282638196008,1665.1332292848701,0.09601529522827344,0.0960000871260032,0.0,0.0
