angle_deg,d1dB_rel_um,d1dB_abs_um
0.0,2.249773,2.055237
15.0,2.249773,2.055237
30.0,2.249773,2.055237
45.0,2.249773,2.055237
60.0,2.249773,2.055237
75.0,2.249773,2.055237
90.0,2.249773,2.055237
105.0,2.249773,2.055237
120.0,2.249773,2.055237
135.0,2.249773,2.055237
150.0,2.249773,2.055237
165.0,2.249773,2.055237
180.0,2.249773,2.055237
195.0,2.249773,2.055237
210.0,2.249773,2.055237
225.0,2.249773,2.055237
240.0,2.249773,2.055237
255.0,2.249773,2.055237
270.0,2.249773,2.055237
285.0,2.249773,2.055237
300.0,2.249773,2.055237
315.0,2.249773,2.055237
330.0,2.249773,2.055237
345.0,2.249773,2.055237
