y_um \ x_um,-3.50,-3.25,-3.00,-2.75,-2.50,-2.25,-2.00,-1.75,-1.50,-1.25,-1.00,-0.75,-0.50,-0.25,0.00,0.25,0.50,0.75,1.00,1.25,1.50,1.75,2.00,2.25,2.50,2.75,3.00,3.25,3.50
-3.50,5.005943,4.672543,4.363838,4.079831,3.820519,3.585904,3.375985,3.190763,3.030236,2.894406,2.783273,2.696836,2.635095,2.598050,2.585702,2.598050,2.635095,2.696836,2.783273,2.894406,3.030236,3.190763,3.375985,3.585904,3.820519,4.079831,4.363838,4.672543,5.005943
-3.25,4.672543,4.339142,4.030438,3.746430,3.487119,3.252503,3.042584,2.857362,2.696836,2.561006,2.449872,2.363435,2.301694,2.264650,2.252302,2.264650,2.301694,2.363435,2.449872,2.561006,2.696836,2.857362,3.042584,3.252503,3.487119,3.746430,4.030438,4.339142,4.672543
-3.00,4.363838,4.030438,3.721734,3.437726,3.178414,2.943799,2.733880,2.548658,2.388132,2.252302,2.141168,2.054731,1.992990,1.955946,1.943598,1.955946,1.992990,2.054731,2.141168,2.252302,2.388132,2.548658,2.733880,2.943799,3.178414,3.437726,3.721734,4.030438,4.363838
-2.75,4.079831,3.746430,3.437726,3.153718,2.894406,2.659791,2.449872,2.264650,2.104124,1.968294,1.857160,1.770723,1.708982,1.671938,1.659590,1.671938,1.708982,1.770723,1.857160,1.968294,2.104124,2.264650,2.449872,2.659791,2.894406,3.153718,3.437726,3.746430,4.079831
-2.50,3.820519,3.487119,3.178414,2.894406,2.635095,2.400480,2.190561,2.005338,1.844812,1.708982,1.597849,1.511412,1.449671,1.412626,1.400278,1.412626,1.449671,1.511412,1.597849,1.708982,1.844812,2.005338,2.190561,2.400480,2.635095,2.894406,3.178414,3.487119,3.820519
-2.25,3.585904,3.252503,2.943799,2.659791,2.400480,2.165865,1.955946,1.770723,1.610197,1.474367,1.363234,1.276796,1.215056,1.178011,1.165663,1.178011,1.215056,1.276796,1.363234,1.474367,1.610197,1.770723,1.955946,2.165865,2.400480,2.659791,2.943799,3.252503,3.585904
-2.00,3.375985,3.042584,2.733880,2.449872,2.190561,1.955946,1.746027,1.560804,1.400278,1.264448,1.153315,1.066878,1.005137,0.968092,0.955744,0.968092,1.005137,1.066878,1.153315,1.264448,1.400278,1.560804,1.746027,1.955946,2.190561,2.449872,2.733880,3.042584,3.375985
-1.75,3.190763,2.857362,2.548658,2.264650,2.005338,1.770723,1.560804,1.375582,1.215056,1.079226,0.968092,0.881655,0.819914,0.782870,0.770522,0.782870,0.819914,0.881655,0.968092,1.079226,1.215056,1.375582,1.560804,1.770723,2.005338,2.264650,2.548658,2.857362,3.190763
-1.50,3.030236,2.696836,2.388132,2.104124,1.844812,1.610197,1.400278,1.215056,1.054529,0.918700,0.807566,0.721129,0.659388,0.622344,0.609995,0.622344,0.659388,0.721129,0.807566,0.918700,1.054529,1.215056,1.400278,1.610197,1.844812,2.104124,2.388132,2.696836,3.030236
-1.25,2.894406,2.561006,2.252302,1.968294,1.708982,1.474367,1.264448,1.079226,0.918700,0.782870,0.671736,0.585299,0.523558,0.486514,0.474166,0.486514,0.523558,0.585299,0.671736,0.782870,0.918700,1.079226,1.264448,1.474367,1.708982,1.968294,2.252302,2.561006,2.894406
-1.00,2.783273,2.449872,2.141168,1.857160,1.597849,1.363234,1.153315,0.968092,0.807566,0.671736,0.560603,0.474166,0.412425,0.375380,0.363032,0.375380,0.412425,0.474166,0.560603,0.671736,0.807566,0.968092,1.153315,1.363234,1.597849,1.857160,2.141168,2.449872,2.783273
-0.75,2.696836,2.363435,2.054731,1.770723,1.511412,1.276796,1.066878,0.881655,0.721129,0.585299,0.474166,0.387728,0.325988,0.288943,0.276595,0.288943,0.325988,0.387728,0.474166,0.585299,0.721129,0.881655,1.066878,1.276796,1.511412,1.770723,2.054731,2.363435,2.696836
-0.50,2.635095,2.301694,1.992990,1.708982,1.449671,1.215056,1.005137,0.819914,0.659388,0.523558,0.412425,0.325988,0.264247,0.227202,0.214854,0.227202,0.264247,0.325988,0.412425,0.523558,0.659388,0.819914,1.005137,1.215056,1.449671,1.708982,1.992990,2.301694,2.635095
-0.25,2.598050,2.264650,1.955946,1.671938,1.412626,1.178011,0.968092,0.782870,0.622344,0.486514,0.375380,0.288943,0.227202,0.190158,0.177809,0.190158,0.227202,0.288943,0.375380,0.486514,0.622344,0.782870,0.968092,1.178011,1.412626,1.671938,1.955946,2.264650,2.598050
0.00,2.585702,2.252302,1.943598,1.659590,1.400278,1.165663,0.955744,0.770522,0.609995,0.474166,0.363032,0.276595,0.214854,0.177809,0.165461,0.177809,0.214854,0.276595,0.363032,0.474166,0.609995,0.770522,0.955744,1.165663,1.400278,1.659590,1.943598,2.252302,2.585702
0.25,2.598050,2.264650,1.955946,1.671938,1.412626,1.178011,0.968092,0.782870,0.622344,0.486514,0.375380,0.288943,0.227202,0.190158,0.177809,0.190158,0.227202,0.288943,0.375380,0.486514,0.622344,0.782870,0.968092,1.178011,1.412626,1.671938,1.955946,2.264650,2.598050
0.50,2.635095,2.301694,1.992990,1.708982,1.449671,1.215056,1.005137,0.819914,0.659388,0.523558,0.412425,0.325988,0.264247,0.227202,0.214854,0.227202,0.264247,0.325988,0.412425,0.523558,0.659388,0.819914,1.005137,1.215056,1.449671,1.708982,1.992990,2.301694,2.635095
0.75,2.696836,2.363435,2.054731,1.770723,1.511412,1.276796,1.066878,0.881655,0.721129,0.585299,0.474166,0.387728,0.325988,0.288943,0.276595,0.288943,0.325988,0.387728,0.474166,0.585299,0.721129,0.881655,1.066878,1.276796,1.511412,1.770723,2.054731,2.363435,2.696836
1.00,2.783273,2.449872,2.141168,1.857160,1.597849,1.363234,1.153315,0.968092,0.807566,0.671736,0.560603,0.474166,0.412425,0.375380,0.363032,0.375380,0.412425,0.474166,0.560603,0.671736,0.807566,0.968092,1.153315,1.363234,1.597849,1.857160,2.141168,2.449872,2.783273
1.25,2.894406,2.561006,2.252302,1.968294,1.708982,1.474367,1.264448,1.079226,0.918700,0.782870,0.671736,0.585299,0.523558,0.486514,0.474166,0.486514,0.523558,0.585299,0.671736,0.782870,0.918700,1.079226,1.264448,1.474367,1.708982,1.968294,2.252302,2.561006,2.894406
1.50,3.030236,2.696836,2.388132,2.104124,1.844812,1.610197,1.400278,1.215056,1.054529,0.918700,0.807566,0.721129,0.659388,0.622344,0.609995,0.622344,0.659388,0.721129,0.807566,0.918700,1.054529,1.215056,1.400278,1.610197,1.844812,2.104124,2.388132,2.696836,3.030236
1.75,3.190763,2.857362,2.548658,2.264650,2.005338,1.770723,1.560804,1.375582,1.215056,1.079226,0.968092,0.881655,0.819914,0.782870,0.770522,0.782870,0.819914,0.881655,0.968092,1.079226,1.215056,1.375582,1.560804,1.770723,2.005338,2.264650,2.548658,2.857362,3.190763
2.00,3.375985,3.042584,2.733880,2.449872,2.190561,1.955946,1.746027,1.560804,1.400278,1.264448,1.153315,1.066878,1.005137,0.968092,0.955744,0.968092,1.005137,1.066878,1.153315,1.264448,1.400278,1.560804,1.746027,1.955946,2.190561,2.449872,2.733880,3.042584,3.375985
2.25,3.585904,3.252503,2.943799,2.659791,2.400480,2.165865,1.955946,1.770723,1.610197,1.474367,1.363234,1.276796,1.215056,1.178011,1.165663,1.178011,1.215056,1.276796,1.363234,1.474367,1.610197,1.770723,1.955946,2.165865,2.400480,2.659791,2.943799,3.252503,3.585904
2.50,3.820519,3.487119,3.178414,2.894406,2.635095,2.400480,2.190561,2.005338,1.844812,1.708982,1.597849,1.511412,1.449671,1.412626,1.400278,1.412626,1.449671,1.511412,1.597849,1.708982,1.844812,2.005338,2.190561,2.400480,2.635095,2.894406,3.178414,3.487119,3.820519
2.75,4.079831,3.746430,3.437726,3.153718,2.894406,2.659791,2.449872,2.264650,2.104124,1.968294,1.857160,1.770723,1.708982,1.671938,1.659590,1.671938,1.708982,1.770723,1.857160,1.968294,2.104124,2.264650,2.449872,2.659791,2.894406,3.153718,3.437726,3.746430,4.079831
3.00,4.363838,4.030438,3.721734,3.437726,3.178414,2.943799,2.733880,2.548658,2.388132,2.252302,2.141168,2.054731,1.992990,1.955946,1.943598,1.955946,1.992990,2.054731,2.141168,2.252302,2.388132,2.548658,2.733880,2.943799,3.178414,3.437726,3.721734,4.030438,4.363838
3.25,4.672543,4.339142,4.030438,3.746430,3.487119,3.252503,3.042584,2.857362,2.696836,2.561006,2.449872,2.363435,2.301694,2.264650,2.252302,2.264650,2.301694,2.363435,2.449872,2.561006,2.696836,2.857362,3.042584,3.252503,3.487119,3.746430,4.030438,4.339142,4.672543
3.50,5.005943,4.672543,4.363838,4.079831,3.820519,3.585904,3.375985,3.190763,3.030236,2.894406,2.783273,2.696836,2.635095,2.598050,2.585702,2.598050,2.635095,2.696836,2.783273,2.894406,3.030236,3.190763,3.375985,3.585904,3.820519,4.079831,4.363838,4.672543,5.005943
