y_um \ x_um,-12.00,-11.00,-10.00,-9.00,-8.00,-7.00,-6.00,-5.00,-4.00,-3.00,-2.00,-1.00,0.00,1.00,2.00,3.00,4.00,5.00,6.00,7.00,8.00,9.00,10.00,11.00,12.00
-12.00,4.347057,3.999924,3.682977,3.396215,3.139639,2.913248,2.717042,2.551022,2.415188,2.309539,2.234075,2.188797,2.173704,2.188797,2.234075,2.309539,2.415188,2.551022,2.717042,2.913248,3.139639,3.396215,3.682977,3.999924,4.347057
-11.00,3.999924,3.652791,3.335844,3.049082,2.792506,2.566115,2.369910,2.203890,2.068056,1.962407,1.886943,1.841665,1.826572,1.841665,1.886943,1.962407,2.068056,2.203890,2.369910,2.566115,2.792506,3.049082,3.335844,3.652791,3.999924
-10.00,3.682977,3.335844,3.018897,2.732135,2.475559,2.249168,2.052963,1.886943,1.751109,1.645460,1.569996,1.524718,1.509625,1.524718,1.569996,1.645460,1.751109,1.886943,2.052963,2.249168,2.475559,2.732135,3.018897,3.335844,3.682977
-9.00,3.396215,3.049082,2.732135,2.445373,2.188797,1.962407,1.766201,1.600182,1.464347,1.358698,1.283235,1.237957,1.222864,1.237957,1.283235,1.358698,1.464347,1.600182,1.766201,1.962407,2.188797,2.445373,2.732135,3.049082,3.396215
-8.00,3.139639,2.792506,2.475559,2.188797,1.932221,1.705830,1.509625,1.343606,1.207771,1.102122,1.026659,0.981381,0.966288,0.981381,1.026659,1.102122,1.207771,1.343606,1.509625,1.705830,1.932221,2.188797,2.475559,2.792506,3.139639
-7.00,2.913248,2.566115,2.249168,1.962407,1.705830,1.479440,1.283235,1.117215,0.981381,0.875732,0.800268,0.754990,0.739898,0.754990,0.800268,0.875732,0.981381,1.117215,1.283235,1.479440,1.705830,1.962407,2.249168,2.566115,2.913248
-6.00,2.717042,2.369910,2.052963,1.766201,1.509625,1.283235,1.087030,0.921010,0.785176,0.679527,0.604064,0.558785,0.543693,0.558785,0.604064,0.679527,0.785176,0.921010,1.087030,1.283235,1.509625,1.766201,2.052963,2.369910,2.717042
-5.00,2.551022,2.203890,1.886943,1.600182,1.343606,1.117215,0.921010,0.754990,0.619156,0.513507,0.438044,0.392766,0.377673,0.392766,0.438044,0.513507,0.619156,0.754990,0.921010,1.117215,1.343606,1.600182,1.886943,2.203890,2.551022
-4.00,2.415188,2.068056,1.751109,1.464347,1.207771,0.981381,0.785176,0.619156,0.483322,0.377673,0.302210,0.256932,0.241839,0.256932,0.302210,0.377673,0.483322,0.619156,0.785176,0.981381,1.207771,1.464347,1.751109,2.068056,2.415188
-3.00,2.309539,1.962407,1.645460,1.358698,1.102122,0.875732,0.679527,0.513507,0.377673,0.272024,0.196561,0.151283,0.136190,0.151283,0.196561,0.272024,0.377673,0.513507,0.679527,0.875732,1.102122,1.358698,1.645460,1.962407,2.309539
-2.00,2.234075,1.886943,1.569996,1.283235,1.026659,0.800268,0.604064,0.438044,0.302210,0.196561,0.121098,0.075819,0.060727,0.075819,0.121098,0.196561,0.302210,0.438044,0.604064,0.800268,1.026659,1.283235,1.569996,1.886943,2.234075
-1.00,2.188797,1.841665,1.524718,1.237957,0.981381,0.754990,0.558785,0.392766,0.256932,0.151283,0.075819,0.030541,0.015449,0.030541,0.075819,0.151283,0.256932,0.392766,0.558785,0.754990,0.981381,1.237957,1.524718,1.841665,2.188797
0.00,2.173704,1.826572,1.509625,1.222864,0.966288,0.739898,0.543693,0.377673,0.241839,0.136190,0.060727,0.015449,0.000356,0.015449,0.060727,0.136190,0.241839,0.377673,0.543693,0.739898,0.966288,1.222864,1.509625,1.826572,2.173704
1.00,2.188797,1.841665,1.524718,1.237957,0.981381,0.754990,0.558785,0.392766,0.256932,0.151283,0.075819,0.030541,0.015449,0.030541,0.075819,0.151283,0.256932,0.392766,0.558785,0.754990,0.981381,1.237957,1.524718,1.841665,2.188797
2.00,2.234075,1.886943,1.569996,1.283235,1.026659,0.800268,0.604064,0.438044,0.302210,0.196561,0.121098,0.075819,0.060727,0.075819,0.121098,0.196561,0.302210,0.438044,0.604064,0.800268,1.026659,1.283235,1.569996,1.886943,2.234075
3.00,2.309539,1.962407,1.645460,1.358698,1.102122,0.875732,0.679527,0.513507,0.377673,0.272024,0.196561,0.151283,0.136190,0.151283,0.196561,0.272024,0.377673,0.513507,0.679527,0.875732,1.102122,1.358698,1.645460,1.962407,2.309539
4.00,2.415188,2.068056,1.751109,1.464347,1.207771,0.981381,0.785176,0.619156,0.483322,0.377673,0.302210,0.256932,0.241839,0.256932,0.302210,0.377673,0.483322,0.619156,0.785176,0.981381,1.207771,1.464347,1.751109,2.068056,2.415188
5.00,2.551022,2.203890,1.886943,1.600182,1.343606,1.117215,0.921010,0.754990,0.619156,0.513507,0.438044,0.392766,0.377673,0.392766,0.438044,0.513507,0.619156,0.754990,0.921010,1.117215,1.343606,1.600182,1.886943,2.203890,2.551022
6.00,2.717042,2.369910,2.052963,1.766201,1.509625,1.283235,1.087030,0.921010,0.785176,0.679527,0.604064,0.558785,0.543693,0.558785,0.604064,0.679527,0.785176,0.921010,1.087030,1.283235,1.509625,1.766201,2.052963,2.369910,2.717042
7.00,2.913248,2.566115,2.249168,1.962407,1.705830,1.479440,1.283235,1.117215,0.981381,0.875732,0.800268,0.754990,0.739898,0.754990,0.800268,0.875732,0.981381,1.117215,1.283235,1.479440,1.705830,1.962407,2.249168,2.566115,2.913248
8.00,3.139639,2.792506,2.475559,2.188797,1.932221,1.705830,1.509625,1.343606,1.207771,1.102122,1.026659,0.981381,0.966288,0.981381,1.026659,1.102122,1.207771,1.343606,1.509625,1.705830,1.932221,2.188797,2.475559,2.792506,3.139639
9.00,3.396215,3.049082,2.732135,2.445373,2.188797,1.962407,1.766201,1.600182,1.464347,1.358698,1.283235,1.237957,1.222864,1.237957,1.283235,1.358698,1.464347,1.600182,1.766201,1.962407,2.188797,2.445373,2.732135,3.049082,3.396215
10.00,3.682977,3.335844,3.018897,2.732135,2.475559,2.249168,2.052963,1.886943,1.751109,1.645460,1.569996,1.524718,1.509625,1.524718,1.569996,1.645460,1.751109,1.886943,2.052963,2.249168,2.475559,2.732135,3.018897,3.335844,3.682977
11.00,3.999924,3.652791,3.335844,3.049082,2.792506,2.566115,2.369910,2.203890,2.068056,1.962407,1.886943,1.841665,1.826572,1.841665,1.886943,1.962407,2.068056,2.203890,2.369910,2.566115,2.792506,3.049082,3.335844,3.652791,3.999924
12.00,4.347057,3.999924,3.682977,3.396215,3.139639,2.913248,2.717042,2.551022,2.415188,2.309539,2.234075,2.188797,2.173704,2.188797,2.234075,2.309539,2.415188,2.551022,2.717042,2.913248,3.139639,3.396215,3.682977,3.999924,4.347057
