position,eta,S,T,loss_dB
-24,0.113485947,1.000000000,0.113485947,9.450579155
-23,0.133448585,1.000000000,0.133448585,8.746860280
-22,0.155660609,1.000000000,0.155660609,8.078212754
-21,0.180135495,1.000000000,0.180135495,7.444007019
-20,0.206841799,1.000000000,0.206841799,6.843616931
-19,0.235698580,1.000000000,0.235698580,6.276430337
-18,0.266571893,1.000000000,0.266571893,5.741856443
-17,0.299272572,1.000000000,0.299272572,5.239330843
-16,0.333555509,1.000000000,0.333555509,4.768318816
-15,0.369120583,1.000000000,0.369120583,4.328317374
-14,0.405615330,1.000000000,0.405615330,3.918856397
-13,0.442639418,1.000000000,0.442639418,3.539499134
-12,0.479750876,1.000000000,0.479750876,3.189842239
-11,0.516473982,1.000000000,0.516473982,2.869515517
-10,0.552308662,1.000000000,0.552308662,2.578181457
-9,0.586741132,1.000000000,0.586741132,2.315534653
-8,0.619255516,1.000000000,0.619255516,2.081301161
-7,0.649346069,1.000000000,0.649346069,1.875237845
-6,0.676529638,1.000000000,0.676529638,1.697131727
-5,0.700357948,1.000000000,0.700357948,1.546799385
-4,0.720429287,1.000000000,0.720429287,1.424086402
-3,0.736399206,1.000000000,0.736399206,1.328866883
-2,0.747989834,1.000000000,0.747989834,1.261043048
-1,0.754997493,1.000000000,0.754997493,1.220544904
0,0.757298330,1.000000000,0.757298330,1.207330011
1,0.754851752,1.000000000,0.754851752,1.221383326
2,0.747701558,1.000000000,0.747701558,1.262717145
3,0.735974703,1.000000000,0.735974703,1.331371130
4,0.719877761,1.000000000,0.719877761,1.427412429
5,0.699691201,1.000000000,0.699691201,1.550935877
6,0.675761696,1.000000000,0.675761696,1.702064289
7,0.648492739,1.000000000,0.648492739,1.880948821
8,0.618333902,1.000000000,0.618333902,2.087769416
9,0.585769115,1.000000000,0.585769115,2.322735302
10,0.551304384,1.000000000,0.551304384,2.586085544
11,0.515455333,1.000000000,0.515455333,2.878089623
12,0.478735019,1.000000000,0.478735019,3.199048027
13,0.441642357,1.000000000,0.441642357,3.549292806
14,0.404651537,1.000000000,0.404651537,3.929188056
15,0.368202703,1.000000000,0.368202703,4.339130273
16,0.332694141,1.000000000,0.332694141,4.779548478
17,0.298476125,1.000000000,0.298476125,5.250904023
18,0.265846538,1.000000000,0.265846538,5.753689912
19,0.235048268,1.000000000,0.235048268,6.288429445
20,0.206268356,1.000000000,0.206268356,6.855673924
21,0.179638779,1.000000000,0.179638779,7.455999050
22,0.155238717,1.000000000,0.155238717,8.089999552
23,0.133098101,1.000000000,0.133098101,8.758281399
24,0.113202215,1.000000000,0.113202215,9.461450756
