gap_um,eta,S,T,loss_dB
0,0.758297679,0.999999999,0.758297680,1.201602734
50,0.755302663,1.000000000,0.755302663,1.218789842
100,0.750662658,1.000000000,0.750662658,1.245551880
150,0.744409159,1.000000000,0.744409159,1.281882922
200,0.736591604,1.000000000,0.736591604,1.327732356
250,0.727276738,1.000000000,0.727276738,1.383003031
300,0.716547276,1.000000000,0.716547276,1.447551507
350,0.704501210,1.000000000,0.704501210,1.521182567
400,0.691249548,1.000000000,0.691249548,1.603651399
450,0.676914171,1.000000000,0.676914171,1.694663942
500,0.661625528,1.000000000,0.661625528,1.793877465
550,0.645520004,1.000000000,0.645520004,1.900902945
600,0.628737072,1.000000000,0.628737072,2.015309318
650,0.611416456,1.000000000,0.611416456,2.136628765
700,0.593695451,1.000000000,0.593695451,2.264362790
750,0.575706501,1.000000000,0.575706501,2.397988664
800,0.557575167,1.000000000,0.557575167,2.536965765
850,0.539418497,1.000000000,0.539418497,2.680741652
900,0.521343782,1.000000000,0.521343782,2.828758018
950,0.503447755,1.000000000,0.503447755,2.980455918
1000,0.485816179,1.000000000,0.485816179,3.135280257
1050,0.468523830,1.000000000,0.468523830,3.292683151
1100,0.451634746,1.000000000,0.451634746,3.452126538
1150,0.435202627,1.000000000,0.435202627,3.613084915
1200,0.419271302,1.000000000,0.419271302,3.775048628
1250,0.403875293,1.000000000,0.403875293,3.937527134
1300,0.389040517,1.000000000,0.389040517,4.100051668
1350,0.374784981,1.000000000,0.374784981,4.262178206
1400,0.361119480,1.000000000,0.361119480,4.423490835
1450,0.348048327,1.000000000,0.348048327,4.583604496
1500,0.335570095,1.000000000,0.335570095,4.742167489
1550,0.323678344,1.000000000,0.323678344,4.898863570
1600,0.312362336,1.000000000,0.312362336,5.053413384
1650,0.301607731,1.000000000,0.301607731,5.205575298
1700,0.291397246,1.000000000,0.291397246,5.355145575
1750,0.281711261,1.000000000,0.281711261,5.501957928
1800,0.272528387,1.000000000,0.272528387,5.645882542
1850,0.263825967,1.000000000,0.263825967,5.786824615
1900,0.255580518,1.000000000,0.255580518,5.924722543
1950,0.247768117,1.000000000,0.247768117,6.059545803
2000,0.240364727,1.000000000,0.240364727,6.191292630
